visit_id,is_bot,steps,std_dwell,cv_dwell,entropy_seq,trans_entropy,repeat_ratio,anomaly_score
b6f6cd78-cc06-572f-8956-60c6cbfadfb2,0,3,2.8315,0.4417,-0.0000,-0.0000,0.5000,0.8558
7c6485c9-ca04-5db7-ac91-3d663f7ad45d,0,4,12.9897,0.6956,0.8113,0.9183,0.3333,0.5809
b90f61d6-f80a-5cd7-9732-1254b5fddd79,0,3,3.5850,0.3579,0.9183,1.0000,0.5000,0.6244
65ff8732-80fc-5bad-a6d0-048e10b39ca6,0,6,85.6760,1.5432,0.9183,1.3710,0.2000,0.3995
3f730eaa-d189-5d70-9e6b-77b75adb2d09,0,3,2.4365,0.5503,-0.0000,-0.0000,0.5000,0.8450
65671798-7381-5bd4-9413-53f97bb9a339,0,5,1.6337,0.4123,1.5219,2.0000,0.2500,0.3685
4ed6ea25-93d9-5d05-b65b-0b8311d27f7a,0,5,28.2615,1.5712,-0.0000,-0.0000,0.5000,0.7429
1379c517-0ddd-547a-8919-0d9564438d73,0,4,166.6679,1.3714,0.8113,0.9183,0.3333,0.5133
fb2c4628-5a29-5a8d-bf24-7c0b0e34ac73,0,8,1.0900,0.4374,-0.0000,-0.0000,0.2857,0.8134
2ea7fe88-9b31-5009-818e-96d6aa67bffd,0,28,11.7079,1.0231,1.4883,2.7316,0.1111,0.2839
e8509ba6-eb5a-5895-a94f-abf1fc247bdf,0,8,14.6843,1.6534,0.5436,1.1488,0.4286,0.5088
f9c05d1e-3f32-51e1-9b7d-6f919dfe67ab,0,8,2.1272,0.5194,0.5436,0.5917,0.2857,0.6633
cc218eae-8f5e-55eb-abb4-351031af1216,0,9,3.2725,0.4591,0.9183,1.5613,0.2500,0.4941
548461be-c856-5e42-9142-8aca19741a9f,0,14,131.5334,2.8694,0.5917,1.1982,0.3077,0.3509
e38c15ca-80e1-58a4-a4b0-757b9dbcf310,0,4,71.8624,1.3651,1.0000,1.5850,0.3333,0.4070
26f05c66-e8f6-5242-ac6d-f2e872cf29ff,0,4,0.6258,0.1634,0.8113,0.9183,0.3333,0.6341
84b20f3e-d761-5bfc-9793-3ef6649b4c89,0,6,2.8107,0.6348,1.5850,2.3219,0.2000,0.3284
44d4055a-30ac-599a-bbe0-2b425cc372b3,0,3,1.5965,0.5958,-0.0000,-0.0000,0.5000,0.8404
1247c665-1bce-5c77-9255-612ee16fcf27,0,15,82.7874,3.1720,-0.0000,-0.0000,0.2143,0.5429
4fbc1558-11c0-59d4-87e7-4eeb7ef21797,0,3,107.4780,0.9173,-0.0000,-0.0000,0.5000,0.8083
62b494bc-dfd9-50e4-b5d5-4971b5a51f3d,0,6,2.9368,0.9036,-0.0000,-0.0000,0.2000,0.7496
680fabd6-18c9-507d-9b4a-a222b9412165,0,12,3.6525,0.8663,1.2516,2.0495,0.1818,0.3433
f147d515-80d9-5f00-995a-72599383b770,0,48,180.3087,2.5815,0.9987,1.9788,0.1064,0.1909
07d48edd-38e7-5649-b415-1cd2339ec66c,0,10,2.5193,0.5057,0.8813,1.6577,0.2222,0.4765
6a3bbe77-f504-50af-a5b2-ecde09921d49,0,5,38.5905,1.4103,0.7219,0.8113,0.2500,0.5173
b8ce6eea-cdc7-5d75-860d-524288a0db02,0,90,71.4430,5.5118,-0.0000,-0.0000,0.2472,0.5494
bdc6d8a7-f65f-5459-8717-52ff9966e711,0,17,52.3211,1.6968,0.6723,1.1995,0.1250,0.4214
6ea77d23-3e81-583e-b003-ba5718bad436,0,3,1.2660,0.1335,-0.0000,-0.0000,0.5000,0.8866
73428767-9eae-59d1-967e-5019c67dd58d,0,3,504.2535,0.9982,-0.0000,-0.0000,0.5000,0.8002
c9f052aa-9f4e-5e99-87ca-c231d9c71c0a,0,4,4.1443,0.3816,0.8113,1.5850,0.3333,0.5290
5f44b0da-dfc5-5055-8485-554e908ec5cf,0,6,2.2823,0.5579,0.6500,0.7219,0.6000,0.6927
47d5665e-df02-5594-a2a0-f6edac65ebe3,0,3,4.0615,0.5656,-0.0000,-0.0000,0.5000,0.8434
d6bb4fe4-d789-5685-acf4-0e58f3e84746,0,3,3.3235,0.6701,-0.0000,-0.0000,0.5000,0.8330
873bbca2-ad91-54d5-9fcc-1e73365a0a82,0,4,1.7986,0.5567,1.0000,1.5850,0.3333,0.4879
246de0c4-544d-552f-a5e8-9daf63189605,0,3,0.0320,0.0079,-0.0000,-0.0000,1.0000,0.9992
5593f518-40b3-5f2f-9ca6-6ece191b23b7,0,16,4.8848,0.7509,1.1216,1.9301,0.2667,0.3968
ca211f3c-4104-592d-9383-67c012d2629d,0,8,124.3218,2.2020,0.9544,1.5567,0.2857,0.3231
bde4c763-7978-54b5-8c52-d5b41d598739,0,8,3.3070,0.3816,0.5436,1.1488,0.1429,0.5789
552e8e24-c1b8-5858-b720-ef92da2c28de,0,8,3.7802,1.0844,0.5436,0.5917,0.2857,0.6068
480cacd8-24c1-5935-b100-9efd9db14298,0,13,4.7914,0.6913,0.9957,1.6258,0.2500,0.4532
d3a0267b-04b4-5c64-b89c-217e279337a9,0,20,73.8086,3.4997,0.2864,0.5907,0.2632,0.4430
c42a792d-55ce-5ccb-89c9-50ffd4398fa3,0,5,99.2992,1.5448,0.7219,0.8113,0.2500,0.5039
73236f3e-a5aa-56e6-b61e-aa6b8cfd6fca,0,4,126.8616,1.2582,-0.0000,-0.0000,0.3333,0.7408
0be28fc9-afce-5765-b9ef-4b6aa772c075,0,4,74.5726,1.3510,0.8113,0.9183,0.3333,0.5154
b2a40dbe-3276-50be-b8d0-bb665ecaeb64,0,11,0.5720,0.3635,-0.0000,-0.0000,0.4000,0.8436
c99b6ff9-c490-591e-8098-c3eb4898df5e,0,7,1.0341,0.1740,-0.0000,-0.0000,0.3333,0.8493
6f122ca8-7b08-5785-8b76-d6993e00333c,0,4,0.6381,0.1703,1.0000,0.9183,0.3333,0.6099
45f8dcd0-d849-57bd-8ac7-a4b26a7822e6,0,12,1.6614,0.4378,-0.0000,-0.0000,0.1818,0.7926
def043b9-416c-59bc-baee-46d43841d4a7,0,17,44.7900,2.7003,0.5226,1.0613,0.1250,0.3570
ba0ea3e4-20cd-5d5f-a212-7a46d801f607,0,17,158.0191,2.1117,0.8740,1.7806,0.1875,0.2945
869cf4b5-624d-593c-9c01-601c644a9e9d,0,4,104.7430,1.3561,1.0000,0.9183,0.3333,0.4913
e160c813-8994-5b33-9aa7-b4b8549344b4,0,4,6.4043,0.4161,0.8113,0.9183,0.3333,0.6089
6d7eccc6-bec3-53a9-86e7-bc2f74a89783,0,8,3.7698,1.0773,-0.0000,-0.0000,0.2857,0.7494
729cd280-9cdf-5e1d-967b-25bc8226a5f6,0,20,3.2411,0.4845,-0.0000,-0.0000,0.1053,0.7726
57d709fd-3386-5f3d-a81c-c2de58067f7c,0,39,34.3905,2.3355,0.8582,1.6994,0.1579,0.2783
3fd0872b-0111-5aa5-b3af-44fffda1da70,0,13,1.1141,0.5328,0.3912,0.4138,0.2500,0.6961
295ca0d1-3924-5a7d-b9da-85809c9e8c8f,0,4,0.3818,0.1220,-0.0000,-0.0000,0.6667,0.9211
f858fc86-f44f-562c-b046-abc81a89063e,0,3,2.1805,0.5076,-0.0000,-0.0000,0.5000,0.8492
a0023449-c635-558e-af79-e5d7bd828b8f,0,14,120.5922,2.6412,-0.0000,-0.0000,0.2308,0.5820
87fa33ef-9ea3-5ecd-8ad5-36a370619ff0,0,17,5.2779,0.9791,-0.0000,-0.0000,0.1875,0.7396
b13104da-1bc7-5790-ae97-0624b89ad27f,0,59,56.7913,2.6531,1.2211,1.7930,0.1034,0.1786
4c5f85cd-6267-5e46-80a3-7f7b11088339,0,3,23.2475,0.6969,0.9183,1.0000,0.5000,0.5905
f65dbd9f-cd0b-55bd-b2d9-2cd2ae8e4665,0,4,4.5720,0.5583,0.8113,1.5850,0.3333,0.5113
a1ea498d-6400-50c3-b9a1-6b1ba5f102a0,0,6,720.8227,1.1829,1.0000,1.5219,0.2000,0.4065
9056745e-d5af-52d3-b739-de7a6be5deb8,0,4,103.6130,1.1243,-0.0000,-0.0000,0.3333,0.7542
72be9abd-360a-51cd-a2f8-5af6a31980c2,0,10,217.6390,2.7589,-0.0000,-0.0000,0.3333,0.5908
d3bb2ff2-a0be-5bcf-b714-ff1a1bb1309b,0,10,5.5729,0.7690,0.8813,1.4355,0.3333,0.5002
6a2ce245-423f-5d11-9972-e659b552cf2e,0,22,5.0017,0.7992,0.8315,1.4112,0.2381,0.4874
58be7f33-2e47-50f3-8de5-592de105c459,0,8,4.1790,0.5924,1.4056,2.5216,0.1429,0.3436
a00a8f70-72e3-5bab-933e-02c4129a1cb6,0,11,344.2617,2.3291,0.8454,1.4855,0.2000,0.3157
25f65a8b-db2b-5243-bfb0-f1c4d82ab7b3,0,47,138.9804,5.2089,0.4199,0.8405,0.1304,0.3685
fd3116e2-1818-5b8c-ad7e-90331e423086,0,5,20.0655,0.7503,0.7219,0.8113,0.2500,0.5833
ad856fb0-7489-5fe8-8e74-8c9f74048b68,0,5,3.8758,0.9142,-0.0000,-0.0000,0.2500,0.7586
caa00ef6-644e-5478-8553-b6a9fa676efd,0,4,2.2869,0.2775,1.5000,1.5850,0.3333,0.4533
f2ccae18-e606-514e-b5d0-62d162e2de21,0,5,1.7116,0.3750,0.7219,0.8113,0.5000,0.6708
785d26e2-09e0-5e85-8bad-9acf46182a98,0,13,586.9195,3.0433,0.7793,1.6140,0.1667,0.2342
b6807c9c-e1b0-53cb-8062-0f0632d5e6bf,0,12,1.2683,0.2804,-0.0000,-0.0000,0.2727,0.8265
1728c842-97bc-540b-aa47-819f3413618c,0,3,7.3150,0.5863,-0.0000,-0.0000,0.5000,0.8414
e2e57e93-4abc-5743-a149-062719af9fee,0,27,33.7807,1.5477,1.4278,2.6686,0.1154,0.2398
f4f74f32-f13a-5f4e-941d-099e59c1ec3b,0,29,56.4155,3.1142,1.0351,1.9124,0.1786,0.1673
ad19cb7d-c52d-513e-9869-2c504abd0532,0,18,12.9502,0.9114,0.8524,1.5222,0.1176,0.4356
b7c8fa63-d321-5111-ab53-46a9141c34ba,0,24,20.2883,1.8004,1.0613,1.9452,0.1739,0.2789
0d75e114-67b1-5ac2-b965-a609be81750b,0,6,71.5339,1.7195,0.6500,1.3710,0.2000,0.4154
dd2da295-5dc9-51ef-a642-92e0af867105,0,3,0.1915,0.0476,-0.0000,-0.0000,1.0000,0.9952
4ded85ee-1b04-5537-a52e-86026bd4a335,0,24,2.6263,0.5471,1.4773,2.5618,0.1304,0.3367
5dc5ddee-b57c-5a81-b8ca-e51ea10fa729,0,4,6.1559,0.4180,1.5000,1.5850,0.3333,0.4392
0943b046-9dbc-5b7b-a2cc-ad11fab8313f,0,5,25.3384,1.0362,0.7219,1.5000,0.2500,0.4686
e3366eea-80ea-5188-97d4-a7c1d96f59d2,0,3,9.0055,0.8750,-0.0000,-0.0000,0.5000,0.8125
b5f1f83b-1649-5bda-a17a-9c3e39575c2b,0,3,2.2895,0.3121,-0.0000,-0.0000,0.5000,0.8688
ca041903-5059-581c-9eb2-508ba3ee977a,0,40,24.8784,1.2354,1.0540,1.8804,0.1026,0.3302
525c5197-50e2-5700-a9b1-f76ce8d14df1,0,6,2.1939,0.6144,0.6500,1.3710,0.2000,0.5259
e5de1283-bcb6-5235-9b0d-7567fe5a17a8,0,3,5.3020,0.6022,0.9183,1.0000,0.5000,0.6000
d39cbf4b-cd82-5218-9c95-ea5c0095b856,0,9,4.7749,0.8460,0.9183,1.9056,0.1250,0.3874
8be0956a-a148-53e3-bab4-669c41f2b6f3,0,4,13.5735,0.7719,0.8113,0.9183,0.3333,0.5733
e9ac0320-6a05-5902-bb70-d3ae4fd6d9e7,0,5,4.7607,0.9498,-0.0000,-0.0000,0.2500,0.7550
6bf2aa20-fdaa-5db7-bb49-06998ebb831d,0,12,8.1860,0.8760,1.5850,2.9140,0.1818,0.3006
fa860d93-c286-50f3-b78b-cf0e8662224c,0,29,86.6246,2.6734,1.2642,2.4464,0.2143,0.1675
99f6a8ce-85df-5212-b497-ad4d433b99db,0,3,21.7225,0.6037,-0.0000,-0.0000,0.5000,0.8396
4bd18810-ed22-5604-97cd-77c5c6903b40,0,3,1.4410,0.2200,-0.0000,-0.0000,0.5000,0.8780
bd4c0d1a-3034-5aa0-ad54-418e98d8d94d,0,11,392.7385,2.3399,0.4395,0.4690,0.2000,0.4925
10e62677-2cb3-5adb-bf21-27c69e4a3e81,0,3,0.0880,0.0138,-0.0000,-0.0000,1.0000,0.9986
dbfdabed-b85d-56fc-b0e9-626ba88f8433,0,4,0.4576,0.2006,-0.0000,-0.0000,0.3333,0.8466
bd0e3630-6d97-5c88-9e32-483ee4cbb627,0,5,7.1368,1.1876,0.7219,0.8113,0.2500,0.5396
04bbf7b6-0485-50b3-adbc-b93d5a42ede3,0,17,2.6275,0.4338,0.3228,0.6686,0.1875,0.6702
4c2b181e-ede3-5e60-969f-d6c75ad36c90,0,3,1.1375,0.1830,-0.0000,-0.0000,0.5000,0.8817
57349a26-4032-5958-a326-80566493b0b0,0,5,1.6042,0.1931,0.7219,1.5000,0.5000,0.6029
a3f7d4c2-8fa8-594b-9b62-e74da29ad027,0,5,858.2225,1.6672,0.9710,1.0000,0.2500,0.4369
8b9584fe-75e5-54cc-8d3f-4ba71ffaa8b2,0,14,3.3112,0.8000,-0.0000,-0.0000,0.3077,0.7815
951615e5-28f5-5d1f-bbb4-6fa9a7e9f4dd,0,5,61.6319,1.2294,0.9710,1.5000,0.2500,0.4182
43f89774-41ed-5249-b8c1-40a6e18291fe,0,3,27.8035,0.9230,1.5850,1.0000,0.5000,0.4846
17b49f44-9190-5dae-9f1e-3c0cd8b13910,0,5,5.3119,1.0449,-0.0000,-0.0000,0.2500,0.7455
e1280150-ba60-5d4e-8416-a3a6c1c65f47,0,4,1.2082,0.3367,-0.0000,-0.0000,0.3333,0.8330
f65ff4ac-f719-5b4e-9cd8-68e7edd76bbf,0,5,26.7164,1.5779,-0.0000,-0.0000,0.2500,0.6922
9a831aac-90a5-545a-91ad-fbbe23ddae32,0,5,3.3739,0.8327,0.7219,0.8113,0.5000,0.6251
1cf8902a-e7d6-5882-af49-4264711dd277,0,17,0.2579,0.3246,-0.0000,-0.0000,0.5000,0.8675
b0f4ff2c-86fa-5a56-b036-66323107ac7a,0,3,5.4255,0.3706,-0.0000,-0.0000,0.5000,0.8629
9fa7847a-b0ca-5ca4-8ea6-d63081a37189,0,34,2.9595,0.8442,0.3228,0.6540,0.2727,0.6480
8581d1f2-5066-5467-a9a8-d1c30a4a4c9c,0,3,2.3525,0.5934,-0.0000,-0.0000,0.5000,0.8407
2109d76d-4803-5319-b5c0-c5e391661b25,0,4,199.9638,1.3850,0.8113,1.5850,0.3333,0.4286
565c7adb-bcef-5eba-9c95-921ebeefcc8b,0,13,155.0831,2.4706,-0.0000,-0.0000,0.1667,0.5863
930217ff-d807-5d52-bbb5-5da235dbe025,0,3,0.1395,0.0670,-0.0000,-0.0000,1.0000,0.9933
fdc47680-6476-52c2-965d-324fefa3cbd9,0,4,153.9647,1.2728,0.8113,0.9183,0.3333,0.5232
dc30188a-aa8f-5e7c-b9ef-601c0b6d738e,0,39,20.0730,0.9393,0.2918,0.5907,0.0789,0.6115
b0032f3b-b1d4-54e8-84ad-4d9efbddced3,0,5,3.5918,0.4502,0.9710,1.5000,0.2500,0.4961
934c7d23-02f8-5997-9a2b-787100873fea,0,3,3.1630,0.5415,-0.0000,-0.0000,0.5000,0.8458
ba02c00f-1556-5b75-b24c-c02bd80f694e,0,14,3.9757,0.2839,0.3712,0.3912,0.1538,0.7071
ce575152-3d54-5df5-bca6-20acc3093801,0,3,2.3270,0.2113,-0.0000,-0.0000,0.5000,0.8789
1a8cc0f7-0a4d-5d99-b78f-d5e94bd0f697,0,3,2.1195,0.3316,-0.0000,-0.0000,0.5000,0.8668
42241145-eac2-5109-bbeb-e43662dded94,0,3,0.5220,0.2054,-0.0000,-0.0000,0.5000,0.8795
5097691d-1095-5e25-b2cf-2beb35baf409,0,7,3.1734,0.9031,-0.0000,-0.0000,0.3333,0.7764
7ee4c204-34fd-5db6-86ad-2732668d6bd0,0,6,1.1520,0.2997,-0.0000,-0.0000,0.4000,0.8500
6cead743-fde3-5dd3-86bd-09505ece1850,0,3,205.6630,0.9988,-0.0000,-0.0000,0.5000,0.8001
51f854db-1894-5f34-9256-16438e829bc6,0,4,75.1078,0.8395,1.0000,1.5850,0.3333,0.4596
929ef5ee-64eb-53d4-ba9a-645b64af1d7a,0,5,2.7997,0.4754,-0.0000,-0.0000,0.2500,0.8025
c367fba1-0319-54ce-98a2-46cefc615b77,0,11,2.2036,0.5184,-0.0000,-0.0000,0.2000,0.7882
fb96edcf-b0f5-5c53-aad7-6cfbdcea212c,0,5,77.4013,0.7590,0.9710,1.5000,0.2500,0.4652
136ee28b-2892-5dd1-8ea5-cef7aa110346,0,3,0.1540,0.0274,0.9183,1.0000,0.5000,0.6575
af7b6853-149d-5120-9dff-be46e895f8ea,0,17,2.9792,0.7388,0.5226,0.8684,0.2500,0.6022
c9aba562-8721-5c62-9b1f-301087e7dcb0,0,15,5.6298,0.9936,0.9968,1.7274,0.2857,0.4173
fa2b0b1e-5bf0-5140-a698-a611d7f8b800,0,32,49.6064,2.5872,1.4056,2.5007,0.0968,0.1349
31545921-5995-5072-be2a-7d4166a54264,0,4,7.3693,1.0321,-0.0000,-0.0000,0.3333,0.7635
ba70370f-1e1c-50df-a776-04c83eb78e09,0,3,3.1305,0.2599,0.9183,1.0000,0.5000,0.6342
6cd619a2-bf97-5ef3-96e3-69d2b08eaa43,0,3,0.2450,0.0126,-0.0000,-0.0000,0.5000,0.8987
f5227bfa-5bb2-53f5-89ad-1bf589dc570c,0,15,6.1228,0.9590,0.7219,1.4138,0.2143,0.4800
29dae258-0568-5e79-8c16-1808774425af,0,55,41.3869,1.9755,0.8153,1.5044,0.1296,0.3384
9b819004-e558-55a2-bd11-afdf2bcf617e,0,6,4.2641,0.7649,0.9183,1.5219,0.2000,0.4585
f8d3c55f-bfa6-5d24-86eb-df1b2f44ba48,0,10,6.3402,1.2008,-0.0000,-0.0000,0.3333,0.7466
bf0edc44-8887-58f7-a1d3-5cdc2f2a0341,0,25,1.5862,0.7251,-0.0000,-0.0000,0.2917,0.7858
c3fa52fa-fd35-5873-992c-6633818f33f1,0,3,10.6800,0.8499,0.9183,1.0000,0.5000,0.5752
4855278b-62f6-53e0-90a4-4f2391cd487b,0,4,0.2903,0.2195,-0.0000,-0.0000,0.6667,0.9114
fc02bad1-1ec9-5f9d-b280-01e1814423ec,0,17,89.4290,1.0300,0.9975,1.8829,0.0625,0.3495
90b23a4c-e7b2-55b7-8b16-b0152b333ea2,0,4,4.7202,0.9217,-0.0000,-0.0000,0.3333,0.7745
c9cd3529-25d4-58cd-9b05-20c00cfe4e5f,0,6,1.2513,0.4547,-0.0000,-0.0000,0.2000,0.7945
137d81d0-c5b4-5940-ba85-38a64fa7bd00,0,3,6.4445,0.8201,-0.0000,-0.0000,0.5000,0.8180
3f4b6a9f-809c-5436-957d-57f3ab603058,0,7,3.0200,1.2718,-0.0000,-0.0000,0.3333,0.7395
51c87c1b-2bad-5e43-a808-d2be772733bf,0,5,1.2402,0.4141,0.7219,0.8113,0.5000,0.6669
f713b1b7-c596-5ef6-b715-885c1d66fbf2,0,3,1.0840,0.3215,-0.0000,-0.0000,0.5000,0.8679
0d4930fe-5076-5ec1-ba89-295f6d63a16c,0,3,147.5070,0.9803,-0.0000,-0.0000,0.5000,0.8020
708be4ca-4d58-5bec-ae99-e60a63a5fee8,0,5,1.2085,0.1822,-0.0000,-0.0000,0.5000,0.8818
353c9aa0-7a1f-534f-b311-2143a70ee4fd,0,15,3.2414,0.9124,0.3534,0.7345,0.2143,0.6156
f3427f3d-4c39-5e24-afdd-42d290ac2e6e,0,4,212.9028,1.0299,-0.0000,-0.0000,0.3333,0.7637
4204a0f1-ff7a-5197-ab6b-6bd785f8c0d8,0,6,6.8021,0.8756,0.6500,1.3710,0.2000,0.4998
ac52b694-8ee1-57fe-8f83-17c1a7bdfa36,0,4,126.7648,1.1627,1.0000,1.5850,0.3333,0.4273
970d4434-ac23-57bd-a7bf-ea306f2264ca,0,24,2.5503,0.9023,-0.0000,-0.0000,0.2609,0.7619
5890339a-ca04-57cc-8732-e7fea6fb2158,0,19,1.2728,0.4385,-0.0000,-0.0000,0.3889,0.8339
e2742aff-5c64-5780-a70e-f4ceec977cad,0,5,1.0696,0.1634,-0.0000,-0.0000,0.5000,0.8837
f67b6260-c1bb-54b4-8b6b-87add1a3a808,0,5,2.1681,0.8616,1.5219,2.0000,0.2500,0.3236
30f8675f-fd0c-5081-952b-8e91267f47ce,0,5,1.8648,0.3640,0.7219,0.8113,0.2500,0.6219
f4ac2730-25a0-5369-a04a-30a92a219196,0,12,3.9380,1.0027,0.4138,0.8659,0.3636,0.6125
2e98220f-0187-592c-80f0-e6e14ca27b37,0,4,1.4443,0.5270,-0.0000,-0.0000,0.3333,0.8140
b56761d6-7b77-51f8-aa4d-35c30bb37fe0,0,30,1.6641,0.9188,0.9219,1.7394,0.3103,0.4375
1e1f205f-a6c7-559f-a1e3-209f64ccc5e2,0,3,90.0595,0.9497,-0.0000,-0.0000,0.5000,0.8050
4caff6cb-b1c2-570c-85b6-a5a1760cfde3,0,10,340.1965,2.2150,0.7219,1.4355,0.1111,0.3310
9ed1783e-9987-5110-b17b-5519fb11da64,0,3,10.6180,0.7940,0.9183,1.0000,0.5000,0.5808
5cfd1e0a-1b63-5b22-9712-91b96ce71f70,0,16,46.6193,2.3519,1.2476,2.2062,0.2667,0.2122
ef615088-db0c-54f2-8f02-47c25d2507ce,0,11,76.4761,1.8508,0.9940,1.6855,0.2000,0.3200
bae40815-8389-5d8f-84ad-079773abcaaa,0,4,1.4127,0.6119,-0.0000,-0.0000,0.3333,0.8055
150ee116-1df4-5550-8615-a6508283c2eb,0,4,7.8566,0.6122,1.0000,1.5850,0.3333,0.4823
fddee4b7-228f-56fd-9414-1f7c07e9cdc0,0,25,12.2935,1.6444,0.4022,0.8167,0.1667,0.5165
b6a78f9c-04e5-5d15-92b1-bcb700bca4ad,0,5,9.7978,1.1255,-0.0000,-0.0000,0.2500,0.7374
b2a5ac57-93c4-5d2f-8cad-a3fbce9f0b5a,0,9,180.4683,2.3925,-0.0000,-0.0000,0.2500,0.6108
426a4080-beb1-5c09-b390-651a5b48aa69,0,3,2.5245,0.9918,-0.0000,-0.0000,0.5000,0.8008
50e96178-de3e-561b-a2e5-5fa391de3e81,0,16,192.3340,3.3572,0.8684,1.6923,0.2000,0.2199
7efe49a5-3f9d-5a6a-842c-17ae81118b60,0,6,13.4347,1.2538,1.0000,1.9219,0.2000,0.3494
dfc93664-6d45-5557-9d04-256ebba38b3f,0,3,3.5470,0.5321,-0.0000,-0.0000,0.5000,0.8468
db6f567a-168c-557d-b6f0-771d4ed9cc8f,0,5,10.8672,0.8563,-0.0000,-0.0000,0.2500,0.7644
2f8fbd81-11e2-507c-8642-d9fc17385722,0,3,4.8650,0.5520,0.9183,1.0000,0.5000,0.6050
1ed96312-1a16-56d9-af42-cb7bf4adc80e,0,9,162.5673,2.1974,0.9183,1.7500,0.2500,0.2967
5e92143d-b8b2-5189-858d-6210ca32da80,0,5,42.7009,0.8250,0.9710,1.5000,0.2500,0.4586
a00d1ff7-865a-580a-ab46-a69692c0821b,0,4,1.8195,0.5557,-0.0000,-0.0000,0.6667,0.8778
8e082b50-d6d5-512b-ba38-be14704b4a11,0,13,16.6694,1.5473,0.6194,1.2075,0.2500,0.4669
8ead1a69-9a3e-5745-9f78-a4bc9e5da343,0,42,178.2707,2.7458,0.8296,1.5813,0.0732,0.2387
2e6b05a8-55a4-5763-a482-6396f2ba81f0,0,44,9.4416,0.8272,1.1433,2.0838,0.0698,0.3383
f6cc8e19-50b4-5f78-ad9c-6e12ad942967,0,3,44.7225,0.8765,-0.0000,-0.0000,0.5000,0.8123
735d3db2-f34b-5c52-b029-17aae831d87a,0,4,264.9294,1.3777,1.0000,1.5850,0.3333,0.4058
7550384e-c3eb-55ad-bc98-b5460efde40c,0,3,7.0970,0.5359,-0.0000,-0.0000,0.5000,0.8464
92ad1348-4d1e-5b26-8888-4286d014c3bc,0,3,56.2485,0.8093,0.9183,1.0000,0.5000,0.5793
d479e48c-e96b-51ba-9846-1d8da283ef39,0,27,20.0227,2.5967,-0.0000,-0.0000,0.1923,0.5788
78cde4e2-e0e4-5d68-b2e3-8c5578704afd,0,14,2.1364,0.5290,0.5917,0.9913,0.2308,0.5954
97ab308a-4f8a-545c-bfdb-46e5c329fe78,0,9,2.4037,0.4246,-0.0000,-0.0000,0.2500,0.8075
4edb8576-d32f-5e56-a0fd-1463282b09c9,0,3,2.5660,0.3460,0.9183,1.0000,0.5000,0.6256
d3d27bbf-6278-5d55-94d8-535184fe8361,0,14,7.8074,0.7886,0.9403,1.8262,0.1538,0.4061
21b352a2-2d83-54b8-ad39-667c60ab7d30,0,10,5.3751,0.8167,1.3610,2.2810,0.2222,0.3427
c317fdba-b075-5ca0-8f58-27d08dde6f99,0,5,4.1214,0.2618,0.9710,2.0000,0.2500,0.4525
e13b6b37-fb29-5dcd-9c71-d593da6c156f,0,3,1.6905,0.1806,0.9183,1.0000,0.5000,0.6422
3db1761f-fe7d-507e-aaad-fe7cba0ed0b9,0,13,3.9644,1.0499,1.3347,1.9591,0.1667,0.3166
a7716f34-8d08-56c7-9cd0-ffd62c9232e2,0,3,2.7615,0.7343,-0.0000,-0.0000,0.5000,0.8266
336393fa-3a56-5733-bf88-5b2d56283a29,0,4,2.7004,0.8526,-0.0000,-0.0000,0.3333,0.7814
605e80ff-a14b-5ab9-a909-2072666f3946,0,8,219.2091,2.2371,1.0000,1.8424,0.1429,0.2496
cdd23792-5043-5ac9-9002-3137dd93597b,0,3,233.1625,0.9722,-0.0000,-0.0000,0.5000,0.8028
9feaea08-5475-572a-99b2-d47e7502e0a8,0,46,1.7833,0.5067,0.1511,0.3068,0.2000,0.7321
70a35582-d6f5-5856-abd7-05089ab6e411,0,24,13.1967,1.4807,0.9544,1.9258,0.1304,0.3180
e9f5021c-32ba-5833-b635-6bbe2c3ed02a,0,6,4.7569,0.5328,-0.0000,-0.0000,0.4000,0.8267
a117a273-26c5-5f27-8c53-68bb6efe9818,0,8,122.3075,1.7873,0.8113,1.3788,0.2857,0.4047
40f0645d-2c8f-5130-aadd-e577ada30865,0,6,3.8017,0.4056,0.9183,1.3710,0.2000,0.5133
d21acc9f-d0a5-5c80-b654-f5088d92d85f,0,3,1.1485,0.3123,-0.0000,-0.0000,0.5000,0.8688
2f03ee51-8234-5607-890c-d0fcbd1adf9b,0,5,10.0554,0.9468,0.7219,1.5000,0.2500,0.4776
5a93df69-49be-5004-aba9-a26b01be68f9,0,3,0.2480,0.1075,0.9183,1.0000,0.5000,0.6495
3a1cb82a-3718-5c91-ba53-c24a3b38fda1,0,54,4.7194,1.1069,0.8188,1.5209,0.1698,0.4308
fc434a8f-e943-587e-aa90-8e81cd5df80a,0,46,46.7800,3.5988,0.5586,1.1024,0.1333,0.3190
c33f414c-10d0-57d7-af4f-ae3785fd7f2c,0,11,62.2708,2.2504,1.4354,2.1610,0.2000,0.1855
3963b58b-5cb5-5f44-b5d4-a9fc7cc5ba3c,0,5,2.6289,0.3968,-0.0000,-0.0000,0.5000,0.8603
fc4c16fe-9380-56ba-9ea5-d2baf8c86f9d,0,29,6.0102,0.6906,1.2782,2.3469,0.1429,0.3497
57b0d3ad-da60-5c52-81c0-4aedf84ef791,0,6,3.2155,0.4177,0.9183,1.3710,0.2000,0.5121
ccd192b0-b2ee-5429-a037-b0db4bb45188,0,3,1.9745,0.7797,0.9183,1.0000,0.5000,0.5822
614d53b6-54c4-5376-a209-34c1b5aa5dd0,0,3,6.1945,0.9309,-0.0000,-0.0000,0.5000,0.8069
694c6353-2bd2-5262-a807-d797f7db8af1,0,3,5.9935,0.7516,0.9183,1.0000,0.5000,0.5851
c0d14d37-f3cc-5dcc-93de-ae18dd6ec310,0,3,11.6275,0.8590,-0.0000,-0.0000,0.5000,0.8141
09f7ddd9-c0c4-5142-848f-382493db586f,0,33,77.2703,3.7966,0.7990,1.5374,0.1250,0.2329
5b075c79-0e13-57d1-8d60-725e0ccf9818,0,10,165.1927,1.3909,1.1568,1.8800,0.2222,0.3258
a29f4bc5-6724-593c-9cc5-a0ac56e76e3a,0,4,2.5262,0.3827,-0.0000,-0.0000,0.3333,0.8284
be3ae068-958d-5985-9301-6c72bfd77c3f,0,31,1.8184,0.5897,-0.0000,-0.0000,0.3667,0.8144
e44fa7c5-d3ec-5019-9ab6-0733dfc53a31,0,30,98.9573,1.9375,0.9481,1.8862,0.1379,0.2796
df669f9a-d2d9-5947-a8d1-44867fd427ba,0,5,2.2881,0.7322,-0.0000,-0.0000,0.2500,0.7768
54cac0f9-ba4d-580c-9763-a78e0959a323,0,10,4.5002,0.7147,1.2955,2.0588,0.2222,0.3610
5795b7d6-3dba-5372-bf46-329148aed43c,0,4,0.5372,0.1202,-0.0000,-0.0000,0.3333,0.8546
534bfc28-ca40-5fda-9b9f-a2f23202a75b,0,19,1.4124,0.5226,-0.0000,-0.0000,0.4444,0.8366
b90e358c-85fd-5986-965d-4b5e07bcd4a9,0,10,9.3889,1.0402,1.5710,2.5033,0.3333,0.3163
e54fb6a6-ee21-53ac-b38c-7fc9cae079be,0,5,1.9330,0.8152,1.5219,2.0000,0.5000,0.3782
e783b72b-4b6e-5f04-b9d9-0d837f01dffc,0,4,55.7965,1.0663,0.8113,1.5850,0.3333,0.4605
17cf2190-b4e4-5cf2-8415-97df5588b914,0,12,36.8499,1.2416,0.9183,1.8586,0.1818,0.3651
b2439588-d41b-5fd3-ac1c-557d3cde9382,0,43,4.4005,1.6094,0.3651,0.7078,0.2619,0.5573
a09cc095-9277-509b-940b-2cb8738b5d30,0,13,12.7872,1.2298,0.8905,1.5546,0.0833,0.3880
d8e7b7c4-4082-5466-a3b3-a42c464ad66f,0,12,4.5314,0.9236,0.4138,0.4395,0.1818,0.6373
9c647347-b5c1-53c7-b7be-fecb27dc6543,0,3,6.1015,0.4540,-0.0000,-0.0000,0.5000,0.8546
10947a3b-586e-59e8-984b-42f5b4e98fa3,0,3,290.3590,0.9989,-0.0000,-0.0000,0.5000,0.8001
b84534cd-f67a-5255-b814-c1abe877bcb6,0,32,390.6931,3.7529,0.4489,0.6838,0.1290,0.3842
ad5bba95-8fbb-5853-bedf-38e3931d14f4,0,3,4.6090,0.9374,0.9183,1.0000,0.5000,0.5665
91b0f672-4461-5dd6-94c5-c348424c37da,0,3,39.0145,0.8155,0.9183,1.0000,0.5000,0.5787
81453bd4-6775-5229-ae3d-7a555fedd40f,0,7,4.7872,0.5352,0.5917,1.2516,0.3333,0.5827
6c5679a3-eb26-58ac-a52e-f98629fc37a2,0,4,2.0694,0.8140,-0.0000,-0.0000,0.6667,0.8519
4b6ee9fd-2007-5bcf-bb0c-27d9bec73d8b,0,5,7.4569,1.1830,0.7219,0.8113,0.5000,0.5901
37264fa4-d3e9-53e2-9201-eb6452543209,0,11,49.9511,1.9309,0.4395,0.9219,0.4000,0.5167
f80c1fbe-9308-5a2d-8475-5b7fc75c6abe,0,4,2.7362,0.6416,0.8113,0.9183,0.3333,0.5863
c42e433c-a5ac-5c8c-bb20-4f8c489e575c,0,9,7.9821,0.8653,-0.0000,-0.0000,0.1250,0.7385
ad7a08a3-086b-5b1b-90bc-dfa5879946ee,0,4,198.1542,1.3432,-0.0000,-0.0000,0.3333,0.7323
9a94a270-e878-5811-a845-1c2b1cd996db,0,3,7.2405,0.8204,-0.0000,-0.0000,0.5000,0.8180
0fc89867-1215-5941-a43f-8f6c3c12e282,0,3,5.2385,0.5741,-0.0000,-0.0000,0.5000,0.8426
063c6ddb-590b-5f7f-91d1-6e21f523bd49,0,73,32.5625,2.2811,0.4099,0.7927,0.1111,0.4438
59c92531-5efe-5b81-bb74-193049693554,0,3,0.0620,0.0196,-0.0000,-0.0000,1.0000,0.9980
1062bf49-101e-5ab6-882b-994f3c77a49d,0,15,202.8935,3.1668,0.5665,1.1488,0.2143,0.3284
3838ff3a-09f7-5638-b680-33af37e522e6,0,4,9.7250,0.5888,0.8113,0.9183,0.3333,0.5916
ea250f7f-067d-588a-a0e1-a4cacd68279f,0,4,6.2120,0.9098,0.8113,0.9183,0.3333,0.5595
2afd7c01-3395-5e3d-a9b7-83fd707ea4f0,0,14,6.3132,1.5547,-0.0000,-0.0000,0.3077,0.7061
cd2d16ae-7ecd-56ef-9ba1-e183d72c5fff,0,6,85.5858,1.5710,-0.0000,-0.0000,0.2000,0.6829
85922e96-d22e-5c60-b136-82d93a196074,0,5,1.0289,0.3194,-0.0000,-0.0000,0.5000,0.8681
eef56623-df9b-5447-be96-4cf3c258055f,0,5,0.9395,0.1953,0.7219,1.5000,0.5000,0.6027
b6737eab-f242-5b01-a713-dc1c5962ea83,0,4,1.5545,0.4450,-0.0000,-0.0000,0.3333,0.8222
bec9097c-54c4-5e2e-ae21-097b2a9c7529,0,22,4.9239,0.5824,0.4395,0.7229,0.0952,0.6155
b7df621a-2a4e-5237-abe1-465b580463f8,0,8,5.7953,0.7391,0.8113,1.5567,0.2857,0.4872
b846824e-5aa0-513c-bdd3-6a6ecb687ef6,0,3,0.5430,0.0694,-0.0000,-0.0000,0.5000,0.8931
03e11191-2a00-565b-8a67-4c2f3bcbb13f,0,6,9.1607,0.9701,0.6500,1.3710,0.2000,0.4904
6c738b35-7e6f-5c3d-845a-0d824e21197f,0,6,3.5009,0.4302,0.9183,1.5219,0.4000,0.5320
2221e333-fa19-560a-886d-3cc0a6d9b314,0,15,8.2420,1.0942,0.3534,0.7345,0.1429,0.5832
e1f6e532-374b-5e0c-b31d-6b65cdccb5c5,0,29,182.6942,2.3234,0.8498,1.4708,0.1786,0.3133
c037ffb6-1a68-50dc-994e-c20771ca387b,0,8,1.4170,0.4822,-0.0000,-0.0000,0.2857,0.8089
0635315b-98d4-5cf9-94e8-5271ade7ced3,0,5,4.5654,0.5400,-0.0000,-0.0000,0.2500,0.7960
cdc1c71e-310f-5e41-814b-2b4b2433096f,0,5,1.5704,1.2757,0.7219,1.5000,0.5000,0.4947
8dd06b40-16c4-54db-a208-4e9cea8e8844,0,4,1.3508,0.6493,-0.0000,-0.0000,0.6667,0.8684
b5b35fcd-6a75-5638-bf13-f3df13caf614,0,3,2.0265,0.5327,-0.0000,-0.0000,0.5000,0.8467
49e4d545-c9b1-584e-92e4-f7e71466653f,0,8,140.0776,1.9538,-0.0000,-0.0000,0.1429,0.6332
760f43ad-7016-555f-9fea-d7f553f6c77f,0,5,3.2146,0.6323,0.7219,1.5000,0.2500,0.5090
e8bde3cf-066a-5b18-998d-4b06ddcc566e,0,4,59.7584,1.3588,1.0000,0.9183,0.3333,0.4910
bec50bf1-0da6-502d-9793-3fae3da81725,0,8,3.4977,0.5003,0.8113,1.5567,0.2857,0.5111
c07a107b-885b-51d5-817a-8c87e34d9fc9,0,9,3.4464,0.4803,-0.0000,-0.0000,0.2500,0.8020
ecf9de3a-7634-5258-9a8d-52dee595a264,0,3,0.1045,0.0821,-0.0000,-0.0000,0.5000,0.8918
15650581-9006-5249-a5a4-10a2201a376f,0,26,5.2951,0.8342,1.1416,1.7313,0.1600,0.3895
fa4a82c5-0eab-551d-becd-5fa76fadc5c1,0,3,247.1455,0.4025,-0.0000,-0.0000,0.5000,0.8597
9f512b0c-2483-5875-85b6-0f008b5d8a9d,0,4,13.1151,0.7763,-0.0000,-0.0000,0.3333,0.7890
4c716728-dd80-5a9d-9493-c32b7afc3ae7,0,10,1.4910,0.4989,0.4690,0.5033,0.2222,0.6730
dfe1cc04-d279-55ed-8ee8-7bc664271f77,0,6,17.6741,1.5577,-0.0000,-0.0000,0.4000,0.7242
6abcef13-a5d1-5aef-916a-bfbf4230b86d,0,9,20.3604,1.6063,-0.0000,-0.0000,0.3750,0.7144
2b996fc1-2738-546d-a2eb-9e90594ae679,0,11,22.3376,1.4739,0.9940,1.8464,0.3000,0.3576
4755a4a0-9a8a-58b8-9b6e-dfece8f2d7e5,0,21,4.2064,0.8295,0.4537,0.8476,0.1500,0.5844
f4b1ad2f-560f-5eb9-bfdf-a257ee2fb170,0,11,3.4758,0.9044,0.4395,0.9219,0.3000,0.5994
24aabaad-49b9-52f7-a086-90be0b26bb42,0,3,0.0890,0.0894,-0.0000,-0.0000,1.0000,0.9911
d8349440-008c-5a42-860e-eb01e3a360df,0,27,4.6478,0.9480,-0.0000,-0.0000,0.2692,0.7590
b23d38d5-0202-5f30-9ea6-c5bd51fadfa5,0,4,3.8224,0.5162,1.0000,1.5850,0.3333,0.4919
a5e1b77a-6e90-529b-946c-2e47947cb109,0,3,24.9190,0.8004,0.9183,1.0000,0.5000,0.5802
f650621a-ab37-5857-9a10-b36b4df1236e,0,4,28.2697,0.9150,0.8113,0.9183,0.3333,0.5590
bae9bc05-5374-52f1-a761-cc466115b640,0,18,281.6783,3.4606,0.9183,1.5799,0.1176,0.2113
d0e9c9e4-6339-5e23-bea2-94e43faf544e,0,13,436.2862,3.1163,0.6194,1.0409,0.2500,0.3425
64c5c6a0-1de4-5558-9641-9448d2905943,0,4,83.0496,1.1917,0.8113,1.5850,0.6667,0.5146
8cf4b2a8-beec-5590-a60a-daf0ae9daeab,0,13,2.8398,0.5321,1.5262,2.7516,0.2500,0.3560
eb0134af-3592-5aa1-9680-afa1444edf5b,0,6,1.4863,0.2021,-0.0000,-0.0000,0.2000,0.8198
606d81f2-2171-5c7a-baae-55a4f65def81,0,5,3.2664,0.5666,1.3710,2.0000,0.2500,0.3720
c2e09a7a-e348-56c0-a9ed-b2a2fdd4aaa5,0,19,9.0543,1.6877,0.8315,1.6961,0.2778,0.3708
3e28eb7a-b230-5fe8-b6e9-806f97d36f13,0,4,3.9059,0.8886,0.8113,0.9183,0.3333,0.5616
dbdcd10e-6220-56c0-ae5c-86984ae9fd1f,0,17,147.9047,3.4136,0.3228,0.3373,0.2500,0.4675
43ab0bcc-9af4-5c7b-ba4e-2f7a3cee994e,0,4,109.6052,1.3768,1.0000,0.9183,0.3333,0.4892
645a5cf8-2517-5724-9a38-ec91fd06e3c4,0,44,8.4092,1.6669,0.5746,1.1332,0.1860,0.4570
7207b7a5-f4f7-5899-a3e5-4b616e15f0e9,0,10,2.0782,0.4395,-0.0000,-0.0000,0.2222,0.8005
07ec55ca-3c37-55e4-b52a-a429b26c7c25,0,9,2.9110,0.6241,0.5033,1.0613,0.2500,0.5920
1ab85632-14ec-5ddb-9dc0-22a841f6454c,0,3,0.0700,0.0127,-0.0000,-0.0000,1.0000,0.9987
579069e4-4461-52a6-9ae6-48f785d217fe,0,10,5.3509,0.7466,0.4690,0.9864,0.1111,0.5656
910bdd76-f200-5322-8b14-c5cb0c8c1dbd,0,4,6.4269,0.6750,-0.0000,-0.0000,0.3333,0.7992
24bcf76f-fac9-59a6-a582-a0b6b36f376e,0,5,1.6221,0.3734,1.3710,1.5000,0.2500,0.4538
d8498754-8372-5819-9962-5d9d517ef23b,0,8,5.6419,0.8829,0.5436,1.1488,0.1429,0.5287
61591e34-783c-5641-922f-2afb3dc4cc19,0,3,11.3225,0.6430,-0.0000,-0.0000,0.5000,0.8357
e9c5c59b-42b3-5e6e-8e35-2734699befe5,0,3,0.2305,0.0695,-0.0000,-0.0000,0.5000,0.8930
4c7569fb-efef-58ac-982c-5e39a9fdc83c,0,3,8.8770,0.8160,0.9183,1.0000,0.5000,0.5786
85859706-8c34-5878-a2f2-5f88e94027ac,0,8,17.7355,1.2495,0.9544,1.8424,0.1429,0.3540
bc9645bf-b57f-5d47-8a95-d130cff17467,0,4,88.6504,0.6875,-0.0000,-0.0000,0.3333,0.7979
f1ee4e5a-4a7b-5003-a029-d6f6bb668d8d,0,11,748.1204,2.8687,0.9457,1.9219,0.2000,0.1947
439c8d84-36fa-55af-b4a3-19810a8c4f32,0,5,2.6836,0.4912,0.9710,1.5000,0.2500,0.4920
82e70522-0855-5687-8871-9c96447fde4a,0,12,1.9351,0.8367,0.4138,0.4395,0.3636,0.6824
5e12bafd-c436-59b8-9843-3eb6382417d8,0,6,2.0909,0.6150,-0.0000,-0.0000,0.2000,0.7785
75e78664-30f1-5dae-b68f-bc41719fc87a,0,6,4.0880,0.6423,1.4591,2.3219,0.2000,0.3434
f81f129f-c617-5762-adca-83942b36ce6e,0,6,94.5536,0.8060,-0.0000,-0.0000,0.2000,0.7594
f1236123-8603-5a2b-9b2f-4cb51a12ff69,0,5,2.1400,0.3761,-0.0000,-0.0000,0.2500,0.8124
3d929e53-ddee-55bd-bea0-970c83d2e1e7,0,3,9.7650,0.7467,-0.0000,-0.0000,0.5000,0.8253
cdbedef0-7862-5ef1-ab55-0aea3b8367c1,0,3,10.6660,0.7066,-0.0000,-0.0000,0.5000,0.8293
9e39a42a-ce50-5b3c-8da4-42d9ecbda2d3,0,4,24.2401,0.6005,0.8113,1.5850,0.3333,0.5071
90a27e42-ff0f-5edc-803e-ae9132f687a8,0,7,9.0985,0.6097,0.5917,1.2516,0.1667,0.5420
c6101a36-d869-5a8a-881d-043bd62f63a1,0,13,68.1224,2.4156,-0.0000,-0.0000,0.1667,0.5918
5b05fdd5-f02e-5591-a19e-0cd7bec7e010,0,40,1.6576,0.9003,0.3843,0.7732,0.3077,0.6268
f044bbfd-9060-5963-9b43-3ce794b15828,0,6,2.2440,0.3428,0.9183,1.9219,0.4000,0.4907
16468d24-49a7-5b71-b014-337fd6442566,0,3,7.1590,0.8782,-0.0000,-0.0000,0.5000,0.8122
ae26a791-6ca8-54b5-8ae8-c29ae6c958bc,0,8,1.5343,0.4426,0.5436,1.1488,0.2857,0.6013
c8e039ee-eb1d-5848-96f1-d984fb202605,0,3,45.0545,0.8650,0.9183,1.0000,0.5000,0.5737
2c7a2906-c5ba-5f1c-ac67-7394dc231947,0,4,7.3045,0.5677,-0.0000,-0.0000,0.3333,0.8099
539061d6-596a-5130-81b1-1148c5b50850,0,5,0.3547,0.2057,-0.0000,-0.0000,0.7500,0.9294
9cb265cb-3465-5074-81fa-450b451b521d,0,4,6.0387,0.6903,1.0000,1.5850,0.3333,0.4745
c29446b8-cb2a-5f07-92e6-f9555e045284,0,15,1.7774,0.4985,-0.0000,-0.0000,0.2857,0.8073
ef50db21-9ffa-5efa-814e-1cc9a8587886,0,8,43.9793,1.2414,0.8113,1.6645,0.2857,0.4235
d400cd4f-0971-5a39-98e2-d99dba9b35b4,0,6,2.5285,0.9107,-0.0000,-0.0000,0.2000,0.7489
3dec587e-6845-5344-b4ea-0cff0ae38911,0,3,0.5925,0.0834,-0.0000,-0.0000,0.5000,0.8917
0e269269-8bc6-5006-916a-fad725efda10,0,7,1.8217,0.3737,-0.0000,-0.0000,0.1667,0.7960
20f177fd-5fea-5e77-8f25-44cb1683408a,0,45,261.2974,4.4685,0.8449,1.5160,0.1136,0.2276
3396478e-043f-52dc-b935-389b5283db01,0,6,7.5148,0.6194,0.9183,1.5219,0.2000,0.4730
cd71ef7a-9e60-5e3c-911f-290dededd30a,0,7,1.8441,0.2837,-0.0000,-0.0000,0.3333,0.8383
b64b04e5-44fe-5bda-922a-5f6118371414,0,6,2.1319,0.5833,0.6500,0.7219,0.6000,0.6902
b0775fcb-0438-5803-8f28-92c8d03550fc,0,12,4.0614,0.9537,0.4138,0.8659,0.2727,0.5992
91587528-a8cc-52bb-8753-536e81e9e1b1,0,7,3.4433,0.7695,-0.0000,-0.0000,0.1667,0.7564
9c545a00-daaa-5766-827e-04afb0f02505,0,7,4.1617,0.6399,0.8631,1.2516,0.1667,0.5050
75f0e358-cb7d-5b16-a983-5d859aaa23b5,0,5,22.1924,0.7782,0.9710,2.0000,0.2500,0.4008
0a51352c-4fde-5305-a135-4362679d0ad3,0,3,465.5390,0.9848,-0.0000,-0.0000,0.5000,0.8015
cf0cc495-a561-595b-b01c-656f8f9eb025,0,5,1.3469,0.4059,-0.0000,-0.0000,0.5000,0.8594
b5aaa6d7-5b96-55b7-bff9-25b2b04d1fd8,0,4,2.8119,0.4022,0.8113,1.5850,0.3333,0.5269
1a2244a1-96ae-52ea-8d66-92261c6cd278,0,14,4.9597,0.5187,1.4316,2.4116,0.1538,0.3500
5bc36cd9-a3a8-5ab5-b28e-3dd6918d1a8f,0,53,2.9110,0.5461,0.5095,1.0297,0.1538,0.5838
c14a1aca-cc19-5d88-966f-9e892a47d64b,0,8,1.7888,0.5527,0.5436,1.1488,0.1429,0.5618
9383808d-3c44-5323-b3c0-d012bd8632aa,0,3,2.6900,0.4861,-0.0000,-0.0000,0.5000,0.8514
bdf4c344-4242-52ec-beca-71d5d83ed3a1,0,4,0.6880,0.1584,-0.0000,-0.0000,0.3333,0.8508
3ab6c527-3650-50a3-97cf-766433fbc8dc,0,3,0.8840,0.2735,-0.0000,-0.0000,0.5000,0.8726
6f9c9f26-682e-55a6-ab69-3266b29431b9,0,5,2.4333,0.4585,-0.0000,-0.0000,0.2500,0.8041
a1a6129d-2114-5140-9286-c31702211dd7,0,7,7.6836,0.6218,-0.0000,-0.0000,0.1667,0.7711
134f666e-7b0f-515c-9f6d-578681216ca1,0,5,1.1394,0.2927,-0.0000,-0.0000,0.2500,0.8207
d6e48d70-8c2d-55cf-b9d4-b4b3fa582348,0,3,113.2985,0.8968,-0.0000,-0.0000,0.5000,0.8103
b5790364-2f03-5be4-b13b-5ac8777abf3b,0,4,2.5812,0.7814,1.5000,1.5850,0.3333,0.4029
9aaeb6cc-0237-5794-bd52-08fdf57588e2,0,20,152.3431,3.3801,0.9918,1.8282,0.1579,0.1791
5d5172a3-bdaa-5db5-a67a-ed999389d42a,0,3,0.6385,0.1645,-0.0000,-0.0000,0.5000,0.8836
9b413282-2d58-5756-a4fb-ece96e1ed30a,0,16,14.3934,1.4493,0.8960,1.5301,0.2000,0.3918
445046a5-7006-5902-a119-ecdb23c4a1b7,0,10,1.1976,0.2764,-0.0000,-0.0000,0.3333,0.8390
c7ba19ee-9152-5dfc-8eb4-52fc5a7232c1,0,3,0.5990,0.1423,-0.0000,-0.0000,0.5000,0.8858
c366cfa5-c1e2-5457-89bb-351558552f45,0,4,4.3132,0.3380,0.8113,1.5850,0.3333,0.5333
487d7357-b4cc-5b84-ab82-358c17409692,0,39,5.7904,0.6981,1.1250,1.9241,0.1053,0.3701
0ba7698b-4286-51e6-95b5-7280ee0c4aad,0,7,1.9795,0.2267,1.5567,2.2516,0.3333,0.3994
e7c9fdc9-8a72-58b6-95b5-34dc52938a50,0,7,1.1993,0.3261,-0.0000,-0.0000,0.3333,0.8341
7e208ef1-5997-5132-a040-7d50932d604b,0,6,0.2974,0.2739,-0.0000,-0.0000,0.4000,0.8526
ad0d94a1-50f6-54b1-878d-a540c51b6a51,0,24,69.5190,2.3627,0.5436,1.0889,0.1304,0.3858
bc66f96c-5fd2-578d-aa87-1dba9aac59f0,0,7,14.0583,1.2723,0.5917,0.6500,0.3333,0.5842
3e8556e8-e9ff-57a0-b09d-4476343e452b,0,3,0.4530,0.0725,-0.0000,-0.0000,0.5000,0.8928
15bef263-afb7-5c5e-9069-8e4518677757,0,10,5.5435,0.5115,1.0000,1.7527,0.2222,0.4492
a4c487c4-72e0-541e-b5f4-6b1ce952873c,0,4,1.1958,0.1380,0.8113,0.9183,0.3333,0.6367
07ff52df-8500-5f92-868b-636ad690c13b,0,3,80.3885,0.9346,-0.0000,-0.0000,0.5000,0.8065
48f6db9e-1530-5dbc-aafc-a073684fc649,0,3,4.8950,0.8176,-0.0000,-0.0000,0.5000,0.8182
d634d458-0edc-5482-9015-1e6aaf6326f8,0,3,51.2880,0.9823,-0.0000,-0.0000,0.5000,0.8018
bf080306-ea91-5d5a-826e-bc840df06662,0,7,3.7959,0.6867,1.1488,1.7925,0.1667,0.3970
7a5ae83f-7e52-502b-99ac-5d1341b6089d,0,8,473.1383,1.1075,0.5436,1.1488,0.2857,0.5348
527d1306-be0e-5c8d-92c4-0fa8269f5169,0,3,0.1400,0.0543,-0.0000,-0.0000,1.0000,0.9946
30e0a614-ca44-5f74-a7f8-b5ecd4b33272,0,5,400.0604,1.7017,0.9710,1.5000,0.2500,0.3710
26c5a78c-e9e9-5803-b34e-b74b0f97b509,0,3,8.8800,0.3384,-0.0000,-0.0000,0.5000,0.8662
99c44eda-17f8-583e-8d55-6ba83d358305,0,4,3.1523,0.4472,-0.0000,-0.0000,0.3333,0.8219
47d76501-d29c-5522-a131-4bc2cb2f59a9,0,5,16.1839,1.1970,0.9710,1.5000,0.2500,0.4214
80a8e73d-a82c-547f-830f-69bb7fa56126,0,6,4.4420,0.5075,-0.0000,-0.0000,0.2000,0.7892
889efa40-4707-5d57-aef1-cf89c858f3b7,0,6,1.2520,0.3503,-0.0000,-0.0000,0.4000,0.8450
68c2e7a2-1141-51d5-b827-ce33f31997e0,0,25,47.1093,2.5425,0.5294,0.6584,0.3333,0.4640
2463c836-866b-5891-913b-f2fa03a506f9,0,4,1.7611,0.2847,-0.0000,-0.0000,0.6667,0.9049
c4442ea7-ac6b-5643-9fd6-87f19b2df742,0,8,204.0102,1.6859,0.8113,1.6645,0.1429,0.3505
248ef3fb-2834-5845-9e4a-792ba04ae12f,0,4,5.6608,0.3248,1.5000,1.5850,0.3333,0.4486
3cb97aa0-a6c2-5968-9b9a-091faed6c540,0,7,1.2303,0.4015,0.9852,1.0000,0.5000,0.6117
316fd233-95b1-5d91-8c13-097cfa09c841,0,5,411.6210,1.6137,-0.0000,-0.0000,0.2500,0.6886
40cf29cf-e241-50f8-b0e1-75031eea7007,0,7,4.3815,0.5729,1.3788,1.7925,0.1667,0.3796
03f36ffc-d626-5297-8c92-09df931005c9,0,7,3.3765,0.7262,0.9852,1.4591,0.3333,0.4885
39f288a7-42f1-524e-9503-04035aade39e,0,3,10.5035,0.7924,-0.0000,-0.0000,0.5000,0.8208
c757c579-8776-5d1a-ae30-8b15d0c84c46,0,4,4.0048,0.8934,-0.0000,-0.0000,0.3333,0.7773
a406d853-2486-5572-a2e7-1cce659340d1,0,9,2.3969,0.7107,-0.0000,-0.0000,0.2500,0.7789
9fa424f6-f650-5681-9af5-581713cbc15b,0,12,14.0927,1.6369,0.6500,1.0958,0.2727,0.4726
dfd4a1b5-1ff3-58a1-bb01-8cf7ac847fcc,0,10,21.0208,1.3384,0.7219,1.4355,0.1111,0.4187
85c365d5-38e4-536d-b741-9588181378bf,0,16,7.5474,1.5269,1.1995,2.0402,0.2000,0.2874
cb0807f5-70ff-552a-9136-0fbace5f7d05,0,4,2.1236,0.2515,1.0000,0.9183,0.3333,0.6017
b0aa8ca0-baea-547d-ae48-e45e3f7c6634,0,9,366.4360,2.5349,-0.0000,-0.0000,0.1250,0.5715
ba06983f-f6dd-5af1-bf98-115e0697e181,0,4,1.3118,0.2153,-0.0000,-0.0000,0.3333,0.8451
bbb222fa-a91a-5867-9a37-2f2df5100e15,0,8,33.9541,1.8378,0.8113,1.6645,0.2857,0.3639
5cb35d34-5703-581b-90f5-0efe3b3703d2,0,3,4.2990,0.8009,-0.0000,-0.0000,0.5000,0.8199
eaa71cd4-e7b6-5522-a8d2-349827041c71,0,12,33.2985,2.0473,0.9183,1.6858,0.2727,0.3243
c567027e-8f7f-5806-be13-8201aec5b055,0,4,6.3929,0.8302,0.8113,0.9183,0.3333,0.5675
4880976d-0531-535a-bf92-3a91e6d36d5a,0,18,3.4614,0.4669,0.8524,1.5657,0.1765,0.4863
67687016-7c16-5c12-a53a-c21231ee9c45,0,4,5.4083,0.7224,1.0000,1.5850,0.3333,0.4713
383c99db-740f-56b2-9cd4-58e729a0b637,0,5,1.5623,1.7282,-0.0000,-0.0000,0.7500,0.7772
c720172f-2ba3-5def-97b4-7bf3965586f2,0,20,84.6329,2.9773,0.4690,0.9530,0.1579,0.3561
c5a73c6e-cfb6-592e-ad37-266128409524,0,3,5.5165,0.0097,-0.0000,-0.0000,0.5000,0.8990
4dbd50fb-c992-5277-81a7-812aa05758cc,0,8,39.5708,0.7349,0.8113,1.3788,0.1429,0.4813
eed84682-9559-585c-8723-064c184a4165,0,9,7.7764,0.7326,0.5033,1.0613,0.1250,0.5562
b90c3e0f-0baa-5456-8698-7e9b767074ba,0,28,17.7173,1.3466,0.9059,1.8169,0.1111,0.3472
c2eb34ad-a632-5ccc-8802-3d623af3f09e,0,4,2.5603,0.3386,-0.0000,-0.0000,0.3333,0.8328
2bc3e5fa-32f8-5ce9-a9bf-98556e2b2ee2,0,90,79.4256,2.8814,0.5958,1.1998,0.0787,0.3032
f5e226d8-65a0-57f6-bae8-180d54c219bf,0,5,29.2801,1.2236,-0.0000,-0.0000,0.2500,0.7276
2d70e777-3a27-5a5c-8ae6-a1e0b08e4883,0,10,1.2936,0.2726,0.4690,0.5033,0.2222,0.6956
f301f83f-e7e4-58a6-84c4-59bc46640604,0,4,3.8443,0.4312,0.8113,1.5850,0.3333,0.5240
7d26ed03-0c34-5b2b-9fce-5b0c117df226,0,19,24.3463,1.2582,0.6292,1.0975,0.1667,0.4917
625ad817-cfc1-5f29-8129-2c835a123386,0,11,2.0423,0.6373,0.9940,1.9710,0.3000,0.4257
7c767dc1-0245-5d1f-8487-7926e9ae475c,0,8,0.9012,0.5131,-0.0000,-0.0000,0.2857,0.8058
3364530d-3633-5b89-8dff-c9ed1a514bc3,0,46,27.2168,2.4685,1.3116,2.2285,0.1111,0.1614
c5c3c0a7-cca8-51f6-b6ef-6c966c01ae12,0,5,3.4467,0.5797,0.7219,1.5000,0.2500,0.5143
ac4fbda6-0f5a-5482-b060-70e338d6dfcd,0,21,54.0090,2.2609,0.5917,1.1813,0.1000,0.3723
17056869-fdc5-59b1-a5f0-bb4f04f37b19,0,15,7.9665,0.9151,0.8366,1.7244,0.2143,0.4312
053836d0-d5f5-5206-9b4f-4e92ba2aae9e,0,7,4.0814,1.1477,-0.0000,-0.0000,0.3333,0.7519
a87346ea-c954-5367-a705-e3b1a3ba0fcc,0,19,14.2205,1.1438,1.3235,2.3244,0.1111,0.2924
80be6bac-5ac6-5a6a-82e1-065a95e80f09,0,3,0.0765,0.0251,-0.0000,-0.0000,1.0000,0.9975
d9147a12-ae72-5dbe-bf26-a883416269a5,0,7,2.3491,0.5126,0.5917,1.2516,0.3333,0.5850
d33d1c0f-8190-5864-9dee-5b3aa6a96032,0,15,70.0869,2.6641,0.8366,1.4926,0.2143,0.2853
b17013d9-d427-5e9e-ae21-e48e9de83e1b,0,5,501.3841,1.6576,-0.0000,-0.0000,0.2500,0.6842
f646a02f-8cba-5841-9645-23248419af89,0,3,1.6685,0.2570,-0.0000,-0.0000,0.5000,0.8743
2a74c4c5-7949-5a3f-9db7-0ff9675251cd,0,4,4.6161,0.9283,-0.0000,-0.0000,0.3333,0.7738
b6bfe2d7-076c-573b-b529-828062402628,0,5,1.8997,0.3237,-0.0000,-0.0000,0.5000,0.8676
ce54e509-cc4b-5083-8921-dd13da394f09,0,4,0.9240,0.4781,-0.0000,-0.0000,0.3333,0.8189
8b6b594e-1dea-5a64-821a-67c93258357c,0,4,1.3760,0.6789,-0.0000,-0.0000,0.3333,0.7988
5c88836d-771d-5a88-ace7-441f0cb768c8,0,3,1.8785,0.5552,-0.0000,-0.0000,0.5000,0.8445
b19911a0-c589-54b2-8e21-548f2b71eace,0,5,24.1340,1.0771,-0.0000,-0.0000,0.2500,0.7423
861ddeca-fdad-5829-a54c-0b6a67935975,0,7,213.4617,2.0444,0.9852,1.9183,0.1667,0.2660
a723a17c-a15e-5aff-8c6c-efdb7dd8f34b,0,6,0.9160,0.2597,-0.0000,-0.0000,0.4000,0.8540
946de170-26fd-58c9-b182-cb922f5941d1,0,4,27.5482,0.9449,-0.0000,-0.0000,0.3333,0.7722
373a4ac7-ded6-5575-930d-92dc69f022a3,0,5,1.4633,0.5356,-0.0000,-0.0000,0.2500,0.7964
5c40ab77-622c-5907-840f-e4ad4333b7fc,0,14,5.4912,1.3854,-0.0000,-0.0000,0.2308,0.7076
8af9a19f-9cd6-539d-89f0-9844dac435e2,0,13,583.9242,3.2859,-0.0000,-0.0000,0.2500,0.5500
c16fac67-fd88-5be1-8e18-1732c596edb3,0,39,116.1849,4.4299,0.6790,1.3765,0.1579,0.2747
640266bc-241f-5051-841f-3272ba0d1811,0,4,6.5811,0.7950,0.8113,0.9183,0.3333,0.5710
d5af1641-21dc-5c7e-a4c4-ce40a6ae9e7e,0,11,774.5721,2.9401,-0.0000,-0.0000,0.2000,0.5460
0422a00d-da36-5a41-a3fd-1a89b9212ef2,0,9,127.7628,2.2431,0.5033,0.5436,0.2500,0.4948
686fb85b-8018-58ea-ae51-906f312dcbf4,0,3,0.3540,0.0855,0.9183,1.0000,0.5000,0.6517
07547326-ab8b-5265-aeae-de0e25667a3f,0,8,7.4696,0.5903,0.9544,1.8424,0.2857,0.4485
c754417b-81f3-5f3c-bc3c-4b694ede450f,0,3,1.9710,0.4332,-0.0000,-0.0000,0.5000,0.8567
2b2fcf5b-4569-5b66-8ce8-cd7985b5865d,0,5,48.1226,1.5439,-0.0000,-0.0000,0.5000,0.7456
db59e54f-c534-5611-b593-bb11aa661cdf,0,5,3.8142,0.9765,-0.0000,-0.0000,0.2500,0.7523
0787bbc0-a7d6-53fc-b6a1-d4f019f2ac10,0,5,2.9203,0.6062,0.7219,1.5000,0.2500,0.5116
4fa521b5-853e-5d80-9b9e-5edfc1e64959,0,9,3.9157,0.6015,0.7642,1.2988,0.3750,0.5570
48696a9c-8048-5391-8a76-40d1a055a210,0,7,15.6532,1.2768,-0.0000,-0.0000,0.1667,0.7057
c23e48f7-5e07-5e5b-9cd3-64ebb6dd9f9f,0,3,1.1815,0.1872,-0.0000,-0.0000,0.5000,0.8813
2c5bfb1d-10a9-584f-8932-4bc9355d351f,0,3,1.5285,0.9987,-0.0000,-0.0000,0.5000,0.8001
c46c01a8-d830-5f29-b5cc-087cbc0e211f,0,5,13.9694,1.2483,0.7219,1.5000,0.2500,0.4474
a63e1df2-8af0-5180-950c-e6d17bd90ec1,0,20,4.4803,0.7410,0.6098,0.7742,0.2632,0.6055
d101ce6d-0020-5b81-b185-d182b2deebcf,0,9,1.2477,0.2116,-0.0000,-0.0000,0.6250,0.9038
e6a7bd41-431e-5445-b4c0-d26d0620d569,0,7,1.4431,0.4387,-0.0000,-0.0000,0.3333,0.8228
33060b9f-097a-599a-b61f-14510debf834,0,3,24.2095,0.4543,-0.0000,-0.0000,0.5000,0.8546
314843df-64e3-5011-8e00-b869919967cd,0,12,93.9116,2.4354,0.9183,1.7899,0.1818,0.2543
5a913115-5167-524c-bcec-f69f817e70f0,0,10,33.5322,1.2388,-0.0000,-0.0000,0.2222,0.7206
5bb72f5e-3dc9-57b9-8173-09bd2c040f92,0,6,928.0814,1.9872,-0.0000,-0.0000,0.2000,0.6413
723b7a7b-2cac-52b5-a64b-5f532a0e6799,0,4,0.9687,0.1994,0.8113,0.9183,0.3333,0.6305
66ad7579-c776-5477-b543-bd8bc236f94c,0,11,1.2666,0.7097,-0.0000,-0.0000,0.3000,0.7890
ad868a68-fc70-56cc-a556-64920a9d3ce1,0,12,3.1744,0.8138,-0.0000,-0.0000,0.3636,0.7913
2201d519-0925-5d71-b71d-85e40de98998,0,16,3.3365,0.7659,0.3373,0.3534,0.2000,0.6771
4aeba6cc-6cd9-521e-bc81-166de104346e,0,3,5.3470,0.6866,0.9183,1.0000,0.5000,0.5916
abce2fbe-3886-5b6c-9600-0e92129ab413,0,5,0.5215,0.3795,-0.0000,-0.0000,0.7500,0.9120
4172601e-6245-5938-bdb4-b82c48fb6f1d,0,74,12.6868,1.9630,0.2448,0.4920,0.1507,0.5417
0638fdd7-4338-5545-97b7-1cf5eb39f50b,0,3,7.0210,0.7563,0.9183,1.0000,0.5000,0.5846
800d4d81-8cbd-53fc-8df1-2fd77fb78ca2,0,6,2.3589,0.3622,-0.0000,-0.0000,0.4000,0.8438
239d43e9-91d1-58ca-b3ee-264a0ee8df99,0,7,0.5154,0.6087,-0.0000,-0.0000,0.5000,0.8391
1dc1eebb-5296-5935-a631-69d366e876db,0,6,66.5156,1.7583,-0.0000,-0.0000,0.2000,0.6642
90bd5e4c-f640-5af2-a08a-e6390320cd4b,0,3,0.6040,0.0557,0.9183,1.0000,0.5000,0.6546
226cea16-e6ee-593c-aa45-006f586c55e0,0,10,17.6064,0.8901,0.4690,0.9864,0.1111,0.5513
f10278ac-da8b-5476-bd3c-fc4be28a8342,0,6,10.9079,0.9974,-0.0000,-0.0000,0.2000,0.7403
9641338b-6e01-5e3a-96f1-92f4e5d77220,0,3,24.6845,0.6486,0.9183,1.0000,0.5000,0.5954
5f1d2b01-05ca-5cf7-b534-6baf104a5ef8,0,3,3.2490,0.1208,0.9183,1.0000,0.5000,0.6481
c9d7dcbb-9e02-5669-a778-7bfd49b2df7e,0,3,23.7220,0.9386,-0.0000,-0.0000,0.5000,0.8061
3955156c-e845-5896-b64a-6554eb2c8d7c,0,5,4.3058,0.5256,0.7219,0.8113,0.2500,0.6058
9a72727f-f239-5a60-86af-53db84cc2f6f,0,9,3.1593,0.5209,0.9183,1.7500,0.2500,0.4644
29f6a449-5320-5c8f-b127-caf3ec6f08ab,0,3,1.9295,0.5064,-0.0000,-0.0000,0.5000,0.8494
8aba1c11-9801-52fd-8707-806ceaf493e2,0,5,11.8514,0.8957,-0.0000,-0.0000,0.2500,0.7604
b8bc2734-71aa-5f0b-a2a2-549803a6b14c,0,3,1.3900,0.4677,-0.0000,-0.0000,0.5000,0.8532
12c0af9f-0ec1-5410-a7dd-010ac80315b4,0,3,0.9170,0.1380,0.9183,1.0000,0.5000,0.6464
4b2d6542-8345-5368-8af7-ae4ae5992fe9,0,31,111.5871,2.8972,0.3451,0.6275,0.3000,0.4487
ce47ec20-78e0-59c4-ab6a-60ecce53229f,0,5,355.5676,0.9512,0.9710,1.5000,0.2500,0.4460
26756272-ef64-5ebc-ba20-c3ac8c21df86,0,25,215.8305,2.6108,0.5294,0.9000,0.1250,0.3852
b374c023-f47e-58d8-9dd7-14fa46dbec42,0,57,25.9170,1.9412,0.7425,1.4757,0.1607,0.3607
ca1936ae-8380-5867-a790-7da80d14b9aa,0,3,6.6455,0.4324,-0.0000,-0.0000,0.5000,0.8568
f809af2c-6d55-58c9-ab91-9cfe500ca1d0,0,6,705.9820,1.7794,0.9183,1.5219,0.2000,0.3570
178cf06c-b220-5a28-9a94-239da87a86a9,0,15,177.2765,3.3142,0.5665,1.1488,0.2857,0.3427
1057b1ff-c0cd-5b37-ace0-203402987c46,0,5,3.8686,0.4699,0.9710,1.5000,0.2500,0.4941
23f8b9d0-35c5-53c6-8e93-83cc83345c3d,0,4,2.0390,0.4371,0.8113,0.9183,0.3333,0.6068
5bfeb425-3473-5ed8-aa14-603ab9266225,0,5,2.8764,0.6838,-0.0000,-0.0000,0.2500,0.7816
f1309da9-03d4-5f1e-b64e-12e23b2fafd3,0,3,15.4815,0.6396,0.9183,1.0000,0.5000,0.5962
b617a585-c0de-564e-a83b-45a0c1e91e9a,0,11,3.1238,0.3862,-0.0000,-0.0000,0.2000,0.8014
6892501d-fb75-57f7-9844-b1ffb3eb9dcd,0,23,8.1939,1.1405,0.2580,0.5304,0.1818,0.6238
bf2f9b4f-fbb4-5852-bcda-ad0c1a25cfb8,0,7,177.8410,1.8544,0.5917,1.2516,0.1667,0.4175
e557cb0f-1789-5ddb-b954-78a60743e3b7,0,6,5.8929,0.8848,-0.0000,-0.0000,0.4000,0.7915
ad9c1c4d-601f-52a9-97e5-b43bd577450c,0,12,8.2690,1.9462,0.4138,0.8659,0.2727,0.5000
c08bbf00-a8fa-56bf-ba8c-9745656bb3ed,0,5,2.9328,0.3542,0.7219,0.8113,0.2500,0.6229
3fe6a3c4-f997-5465-99a6-fb98ac0c0f4a,0,13,19.6323,1.4996,0.9612,1.8554,0.1667,0.3313
d7c378a3-3579-5d89-9e05-f9bdd8e34da9,0,8,15.0615,1.2600,-0.0000,-0.0000,0.2857,0.7311
9e48f9c6-a1a3-50ee-a8ad-fb5ed4913ba8,0,15,53.4762,1.5707,0.9968,1.8631,0.1429,0.3140
3a98cae9-ca24-569e-afcc-34d9d31f7d86,0,7,521.8514,1.4970,-0.0000,-0.0000,0.1667,0.6836
56c2234b-4057-5ff7-9510-4b4ef7ba57a7,0,16,11.8607,1.1179,0.3373,0.6998,0.2000,0.5986
2320a8b7-db22-5701-8e63-db13db719f44,1,6,26.6529,1.0049,1.0000,0.9710,0.2000,0.4931
7f0e1fad-8707-57f3-8921-ceba3fbf85cc,0,6,29.1393,1.6411,-0.0000,-0.0000,0.2000,0.6759
043cb31e-62e1-591d-b6bd-e08303154428,0,5,0.8353,0.3022,-0.0000,-0.0000,0.5000,0.8698
58e9b429-fd7b-5d51-a1cf-4391134e9d1d,0,6,2.6366,0.4398,1.0000,1.9219,0.2000,0.4308
fe7b2b6f-beca-5d98-84ac-9cdd20808218,0,4,13.4498,0.8645,0.8113,1.5850,0.3333,0.4807
68f65663-1807-5055-886e-a2898897b2f6,0,7,1.4039,0.2757,-0.0000,-0.0000,0.3333,0.8391
a5812dc8-f67c-5c9e-adbe-df98a05a08f2,0,3,125.0665,0.9583,0.9183,1.0000,0.5000,0.5644
d958b2d5-6d7b-534d-9859-835c331e80e3,0,5,528.8895,1.6919,-0.0000,-0.0000,0.2500,0.6808
5d44aa38-0927-5068-bdcb-fd45a2d0051b,0,4,1.4098,0.5462,-0.0000,-0.0000,0.3333,0.8121
75ae94bc-14bc-5024-a108-c9f3a9030d68,0,3,142.6120,0.4235,-0.0000,-0.0000,0.5000,0.8576
412020ff-d7a6-57e7-ba16-c5bba125a652,0,14,417.0209,3.2962,0.3712,0.7732,0.1538,0.3877
a5c2c1bd-f72d-5ce3-beba-f076063813dc,0,14,1.5270,0.4766,-0.0000,-0.0000,0.2308,0.7985
4e428fe9-2c98-59f1-b21e-000ef90f95d9,0,8,8.1141,1.0297,0.9544,1.5567,0.4286,0.4689
382c8933-33f3-5b30-8513-a70fe48377ff,0,14,53.5445,1.8873,0.8631,1.6692,0.1538,0.3255
bcf11406-030b-56e6-b3ed-0a64639887bf,0,9,19.3753,1.6288,0.7642,1.5000,0.3750,0.4291
7de5dd99-ce57-576c-b48f-366af0187a2c,0,7,26.5049,1.7146,0.5917,1.2516,0.3333,0.4648
c0c01361-8681-56cc-b176-2ffe21a5ea7e,0,9,21.1849,1.1837,1.3516,2.1556,0.1250,0.2877
ea640786-5f38-5ea8-b367-3a13462edbdf,0,3,1.8420,0.3639,-0.0000,-0.0000,0.5000,0.8636
2a42e5ee-fc6a-5d8a-a54c-ebe0ce79dd8a,0,9,146.8118,1.8650,-0.0000,-0.0000,0.1250,0.6385
2ba9afdb-02f7-5f37-9c35-e29bdad2e0e3,0,7,4.6565,0.5595,0.9852,1.9183,0.1667,0.4144
7ccdcd56-0af1-5580-b9cc-cb72e74c1f3f,0,11,23.7193,1.9702,1.0958,1.7710,0.1000,0.2646
ba134ed7-7eb0-5a55-8796-b4e850eecd3c,0,3,6.1395,0.6851,-0.0000,-0.0000,0.5000,0.8315
fbcf296e-038f-5b9e-98af-dd71a2670ed9,0,5,2.9459,0.3195,0.7219,1.5000,0.2500,0.5403
41642143-ba77-5da1-bb5d-c028e9423e19,0,4,419.3224,1.3966,0.8113,1.5850,0.3333,0.4275
0823a778-6a3e-50af-b1e7-7a090e01b500,0,4,3.7756,0.4899,-0.0000,-0.0000,0.3333,0.8177
b0eca344-4125-5159-86bf-af39733254bb,0,5,0.6213,0.1744,-0.0000,-0.0000,0.5000,0.8826
7f073093-6de3-5acd-875b-223f9b689dc6,0,3,2.3265,0.2242,-0.0000,-0.0000,0.5000,0.8776
f80a4f6d-b912-546b-a244-711d91896f8e,0,3,1.5790,0.4855,-0.0000,-0.0000,0.5000,0.8514
322c8eda-6048-5f82-a2f5-13989d69406c,0,4,7.1497,0.5964,-0.0000,-0.0000,0.3333,0.8070
f6e2a342-5f32-53a0-b02c-7a71b3d72974,0,16,103.2493,2.8973,0.5436,1.1033,0.1333,0.3311
f49d6795-5632-5b63-8528-ec2cec4ec0f0,0,3,1.9370,0.4636,-0.0000,-0.0000,0.5000,0.8536
0ae5942a-9f4d-5075-a98d-b355a2128ed9,0,11,3.0701,0.9862,0.4395,0.9219,0.3000,0.5912
666af700-ef54-5022-8403-aec3d97106eb,0,3,3.4990,0.5664,-0.0000,-0.0000,0.5000,0.8434
cd8fbd9d-c19b-50f7-8f7e-091f57385a69,0,8,6.1473,0.7086,1.2988,2.1281,0.2857,0.3739
9170bd0c-a6da-5ffc-b56f-63aada38a557,0,58,137.2093,3.7602,0.1257,0.2544,0.1930,0.4911
ddf021f2-c8e1-5cd9-a129-8a999f78c678,0,3,0.1595,0.0895,-0.0000,-0.0000,0.5000,0.8911
91dbbdfe-0791-5f03-b484-0b029c098d2b,0,4,2.4628,0.6507,-0.0000,-0.0000,0.3333,0.8016
fe010693-5cd5-557e-8bd4-1d5c9b426e57,0,20,6.9070,1.0227,0.8113,1.4003,0.2105,0.4634
8478016e-b190-5000-a9b6-cc541744bafa,0,4,2.7696,0.4004,0.8113,0.9183,0.3333,0.6104
4a226f9a-b32b-5c59-8307-946558d3d3db,0,5,10.0445,0.8688,-0.0000,-0.0000,0.2500,0.7631
b5bb81e2-eff1-547b-82e5-01cec976bb98,0,4,1.1184,0.2881,-0.0000,-0.0000,0.3333,0.8379
c9160c4c-8c73-5f79-839d-7ef82bd5a09a,0,6,3.6061,0.5996,-0.0000,-0.0000,0.2000,0.7800
b39a6827-7ed8-58b1-ac03-85fc1af6dd87,0,4,2.1817,0.3322,-0.0000,-0.0000,0.3333,0.8334
ae2d1921-f462-5ac7-a9b4-c0ac1eb6fff5,0,12,270.2472,1.8077,-0.0000,-0.0000,0.0909,0.6374
7867b7bb-ef6f-5ea8-b2fc-1d8e00f869dd,0,4,0.2687,0.0315,-0.0000,-0.0000,0.6667,0.9302
66f20d74-6480-514c-b48e-478721981885,0,4,2.1854,0.3452,-0.0000,-0.0000,0.3333,0.8321
adddbf99-6bf2-53d7-b395-82906cb474d8,0,6,0.8807,0.1804,0.6500,1.3710,0.4000,0.6093
b241a456-5d75-5bba-b0a8-d117a9c0beda,0,8,2.6056,0.7012,-0.0000,-0.0000,0.2857,0.7870
6533ccd3-5c45-579f-bb1d-535d95aaadd1,0,6,3.8837,0.3402,0.6500,0.7219,0.4000,0.6745
f1e3a746-0918-5a83-9fd3-abf371943e62,0,3,0.4050,0.1683,-0.0000,-0.0000,0.5000,0.8832
ff8b0a67-c89e-5167-90c0-d821ce445c83,0,4,3.0468,0.4163,1.0000,1.5850,0.3333,0.5019
b5932476-c728-5007-a30f-d8696440d6d7,0,9,243.9237,2.5473,-0.0000,-0.0000,0.3750,0.6203
0a49b51d-44e5-5cb5-a661-a9e50a7f5f23,0,4,53.3336,0.9550,-0.0000,-0.0000,0.3333,0.7712
09d345e3-cb6c-5983-8c34-bc7fe22aa926,0,3,1.2775,0.1065,-0.0000,-0.0000,0.5000,0.8893
0e569327-9b99-569b-aa69-21f155eb33d8,0,23,282.2329,3.8065,-0.0000,-0.0000,0.2727,0.5545
12eb74ed-b18d-532b-a7ea-a1eceb32bfec,0,7,10.6546,0.9462,-0.0000,-0.0000,0.1667,0.7387
b76d41f7-1aa6-59ac-807e-5b6a6cb02525,0,3,0.1750,0.0548,-0.0000,-0.0000,0.5000,0.8945
92056b44-9a14-5050-a25a-dfe5e606e1d4,0,3,1.1135,0.0420,0.9183,1.0000,0.5000,0.6560
eb43dc69-3f64-5fae-a857-095fb02cbf33,0,6,3.3426,0.4095,-0.0000,-0.0000,0.4000,0.8391
e32d33b8-3230-5c66-8808-dafb8f7e3630,0,14,70.6054,2.5749,0.5917,1.1982,0.3077,0.3803
7321a3e1-aa3b-5140-b1ad-3039af9355b8,0,8,3.1571,0.5377,-0.0000,-0.0000,0.1429,0.7748
931978bc-0869-5720-b9e6-b75570250c50,0,19,166.4115,2.4082,1.4675,2.7108,0.1667,0.1591
8c1ada58-f97b-5a4e-9df8-2e0d70dbb3ca,0,13,2.7665,0.3452,1.1982,2.1175,0.1667,0.3990
3fa57614-db6b-5099-ab70-8207070fcc64,0,15,4.9761,0.7731,0.3534,0.7345,0.2143,0.6296
f280b6e5-6b43-5f7f-9dc1-d82eb2dd50c1,0,21,132.7214,2.9617,0.7025,1.3710,0.1500,0.2747
280f35d9-5c1b-5f08-b5e7-fc9df8a8d9d7,0,6,146.2631,1.9615,-0.0000,-0.0000,0.4000,0.6838
2dc839df-7a8b-5538-9a92-96395c3f0e8d,0,3,0.8800,0.1901,-0.0000,-0.0000,0.5000,0.8810
8b9b0502-0e41-558d-9937-e006ca03eaef,0,3,0.5965,0.1528,-0.0000,-0.0000,0.5000,0.8847
1a955bc8-1ce7-5ba1-880c-5ac2ba9c69ee,0,6,4.9438,0.6650,0.6500,1.3710,0.2000,0.5209
e48f8419-c3a3-5089-b220-8e4bd0e13f0a,0,11,5.5537,0.7543,0.9457,1.5710,0.2000,0.4500
75b726c1-87d3-584a-9edc-a39cf1699906,0,4,165.1454,1.3341,-0.0000,-0.0000,0.3333,0.7333
2b350123-f435-568f-89a3-f67685d79f6f,0,9,435.2893,2.1812,0.9183,1.5613,0.2500,0.3219
0e4b7b18-3321-56fb-b47f-316ce0ae3c9c,0,3,3.2140,0.1917,-0.0000,-0.0000,0.5000,0.8808
c5465e33-9ac6-5c9e-ac28-34541027430f,0,3,2.5550,0.3312,0.9183,1.0000,0.5000,0.6271
4936a823-2687-594d-956e-46c50d134bcb,0,6,5.3431,1.3547,-0.0000,-0.0000,0.4000,0.7445
289851c6-f9cd-5f87-8ccf-f4ff8fd0795b,0,3,18.4785,0.8932,-0.0000,-0.0000,0.5000,0.8107
b88776ab-794c-5c80-a2f4-4f43e69a70e4,0,26,13.8407,1.0371,1.1056,2.0039,0.1200,0.3321
d6587053-0687-5b9f-b529-4a79da1e1c19,0,11,54.1547,1.6896,-0.0000,-0.0000,0.2000,0.6710
79dc4557-8a10-5ce8-a68b-1621c2299501,0,4,0.6014,0.1546,-0.0000,-0.0000,0.6667,0.9179
448ab676-74aa-51c3-ab07-18b9355d0bc3,0,3,6.4780,0.8156,-0.0000,-0.0000,0.5000,0.8184
7b13da15-7a94-535f-97d8-068030c810a7,0,61,42.2597,2.2707,0.9559,1.8645,0.0833,0.2370
170ee37d-1942-5cac-8631-620db8db3cd8,0,8,5.5601,0.7550,1.2988,2.5216,0.1429,0.3407
8e0689e6-4ef8-5f57-b8a0-ea7754873465,0,3,1.5425,0.2680,-0.0000,-0.0000,0.5000,0.8732
11202c83-0836-5e94-b8ee-466ecba8a115,0,4,8.8909,0.6762,1.0000,1.5850,0.3333,0.4759
540db801-fd96-5ea5-a13f-7722239cd1e2,0,6,3.4630,0.3686,0.6500,0.7219,0.2000,0.6316
5ff13ee6-e323-5db4-9f36-ff8dc0e1ef2f,0,3,0.3665,0.1006,-0.0000,-0.0000,0.5000,0.8899
0c1e74bf-9967-5c94-8bf9-06cd31763d8e,0,6,44.6428,1.2772,1.0000,1.5219,0.2000,0.3970
9a48cf53-f513-5a4e-af68-28d05d80e4a4,0,10,1.5129,0.4981,-0.0000,-0.0000,0.2222,0.7946
67ad2cd9-f25f-53c1-ad4f-994c7a545057,0,10,22.4629,1.2751,0.4690,0.5033,0.1111,0.5732
dff4ed23-6247-5201-8694-3686d63e99dc,0,6,2.6827,0.6228,-0.0000,-0.0000,0.2000,0.7777
2ae8d4ac-0261-5ce1-a974-d61381f46f77,0,89,9.2951,1.5166,0.4361,0.8659,0.1250,0.5106
497e871c-a66e-5341-888a-532f4b5882ec,0,4,450.1440,1.3768,0.8113,1.5850,0.3333,0.4295
7c824721-916a-5334-a17f-a66f3c710450,0,4,1.9756,0.3562,0.8113,0.9183,0.3333,0.6149
b7a1150d-ee5e-5fe5-8985-0ee21755cba2,0,7,2.2245,0.4435,-0.0000,-0.0000,0.3333,0.8223
02ef7dd9-5f60-5319-9cdd-7cc9f286586a,0,29,2.6946,0.5837,0.3621,0.7345,0.2143,0.6474
95a09d12-334c-5638-8e38-7f4f73bceb9f,0,6,8.3527,0.5191,0.6500,0.7219,0.2000,0.6166
7e750648-be3e-5a28-8a28-6e021c39d4fc,0,4,100.5582,1.2207,0.8113,1.5850,0.3333,0.4451
0c57fa15-b57a-585e-abdb-9ec0bb1cc691,0,5,12.8956,1.3389,1.3710,1.5000,0.2500,0.3572
30a21773-e635-5727-a48a-833a153b6c5e,0,5,6.3832,1.1926,0.7219,0.8113,0.5000,0.5891
15177694-f55d-50c3-8afa-166b24b90844,0,8,2.0686,0.5336,0.5436,1.1488,0.1429,0.5637
57cfadbd-e29d-59ba-8a64-87979f9d1caa,0,3,0.8675,0.3392,-0.0000,-0.0000,0.5000,0.8661
26b1ab1f-2181-5685-9fdc-3e27e57ceaf6,0,55,53.0888,1.7409,0.3760,0.6794,0.0926,0.5125
8bebbfcc-d789-5119-ad3b-527b4ccbf4dc,0,14,27.7157,1.7862,0.5917,1.1982,0.2308,0.4438
61bc5649-93d0-5328-98c8-7aa7ae163eef,0,4,60.5795,1.1129,0.8113,0.9183,0.3333,0.5392
8848de2f-1829-5b55-9504-b321eeb316d4,0,3,2.3260,0.6709,-0.0000,-0.0000,0.5000,0.8329
ab13c8d0-872b-5d4e-8745-947ae6082843,0,7,2.7147,0.5867,0.5917,0.6500,0.3333,0.6528
744a2e5d-0be7-5b06-9d97-ba1140e8cd88,0,15,433.3718,2.2978,0.3534,0.7345,0.2857,0.4914
358acb96-a403-5748-85b2-adb0a939eb83,0,11,106.3294,1.8765,-0.0000,-0.0000,0.2000,0.6523
483ff0d7-1ca6-58c4-b814-c8b8f1aab08d,0,28,221.6418,3.2293,0.7496,1.3801,0.1852,0.2708
bf70f0cb-90e9-5caa-8325-f586acd9cd67,0,8,45.3032,1.6060,1.5613,2.5216,0.1429,0.2228
39569043-73b1-51bf-b012-208e91a0a2db,0,5,2.2324,0.3537,-0.0000,-0.0000,0.2500,0.8146
41633e32-c62c-53c9-b814-a09cdccfb9a7,0,3,1.7920,0.3470,-0.0000,-0.0000,0.5000,0.8653
4eea1286-cc93-5bac-8d85-6a0bb78ae76d,0,6,2.5175,0.5792,-0.0000,-0.0000,0.4000,0.8221
afcc15d0-e35c-5ba0-aa51-4b747f093059,0,9,46.7063,1.8158,0.9911,1.9056,0.2500,0.3063
013f9def-b746-5f47-bf02-b6025f2be880,0,3,3.0815,0.3897,-0.0000,-0.0000,0.5000,0.8610
00fc7296-5959-56d1-ba17-52cf2075a4d1,0,8,4.5567,0.8360,0.9544,1.5567,0.1429,0.4311
79a83348-8aba-5d4e-ba3c-698c8615dd7c,0,12,7.8491,0.8103,1.1887,2.3685,0.1818,0.3567
9dd649de-bb2e-58c7-9db5-d7639140b724,0,6,13.2781,0.9943,1.0000,1.9219,0.2000,0.3753
a4de203f-fe17-55fb-80a5-33f59bda88d5,0,11,44.3869,1.8110,-0.0000,-0.0000,0.4000,0.6989
4efad7d7-e947-52c4-9b61-f8e7f9b34aff,0,4,1.7880,0.3970,-0.0000,-0.0000,0.3333,0.8270
d65d3844-aadb-5c20-85bc-5a60b3004ce1,0,8,1.9213,0.3819,-0.0000,-0.0000,0.1429,0.7904
cbe064a4-cd96-5528-95bb-b5065ca56e56,0,3,0.7475,0.1336,0.9183,1.0000,0.5000,0.6469
8972a62c-d6b2-51ef-a84d-e1c911063e30,0,4,28.4777,1.3134,-0.0000,-0.0000,0.3333,0.7353
a588f11a-17e6-55ed-983d-894616c77044,0,3,15.5510,0.8554,-0.0000,-0.0000,0.5000,0.8145
3cb1970a-a0ae-50f5-bf5b-647739df1f3c,0,16,14.1708,1.7009,0.8113,1.3753,0.1333,0.3833
ed156ac7-f0c1-50b1-ad93-ba211d86dca2,0,11,50.8546,2.0805,-0.0000,-0.0000,0.2000,0.6319
cee82427-3dd9-5de1-b826-d9aabb3e5702,0,6,9.1617,1.0212,-0.0000,-0.0000,0.2000,0.7379
774f13c5-855d-5464-bcdf-aa94e995e827,0,5,5.3438,0.5098,0.9710,1.5000,0.2500,0.4902
25d1133b-3cd3-5974-9624-5c035e7d8bfe,0,3,7.1150,0.7364,-0.0000,-0.0000,0.5000,0.8264
7077bbf5-83ca-594b-83b0-626dfc8b9926,0,5,8.7590,0.6610,-0.0000,-0.0000,0.2500,0.7839
a060a148-5119-5b65-be8a-dec866cf02ca,0,85,64.8873,4.3610,0.7871,1.5552,0.0952,0.2263
ed02041c-2702-544b-b066-b107ff51fcae,0,3,0.0315,0.0098,-0.0000,-0.0000,1.0000,0.9990
ef784f6a-a117-5106-9943-efa679579d0d,0,5,12.3471,1.1679,0.9710,1.0000,0.2500,0.4868
b20efc52-a528-52ca-8e85-bb9eda7e1989,0,4,1.2469,0.8482,-0.0000,-0.0000,0.3333,0.7818
3698b1e6-bdbf-5d91-95c4-a0d8fc133aff,0,7,29.1182,1.4376,0.5917,1.2516,0.1667,0.4592
b48a2003-babf-5053-a20d-24678c9220fa,0,4,1.1270,0.4249,-0.0000,-0.0000,0.6667,0.8908
146da7da-5d33-5617-b4d5-2baf6e6d3e58,0,9,17.8529,0.9550,0.7642,1.5000,0.1250,0.4465
6df26349-90b0-5877-af8d-aa29c55d55a1,0,98,14.8104,2.1014,0.5364,1.0674,0.1443,0.4183
7ca01a81-f783-5728-9b3c-79b993431e39,0,6,1.4834,0.3137,-0.0000,-0.0000,0.2000,0.8086
ae938bc4-5be2-5c58-917c-54ad0bbeff99,0,5,1.6258,0.2566,0.7219,0.8113,0.2500,0.6327
bcc3234f-7dac-5210-9ac2-54ba8fae63a2,0,4,1.7100,0.1914,-0.0000,-0.0000,0.3333,0.8475
3f316fce-18f5-5fa5-a470-119d81b14a8c,0,5,3.3768,0.3258,0.7219,0.8113,0.2500,0.6258
d3c822e1-afaa-557e-836d-2dc1770d835a,0,4,3.0883,0.4321,-0.0000,-0.0000,0.3333,0.8235
034ff916-a52c-5270-bb1b-e587ac20a584,0,6,14.6963,0.9517,-0.0000,-0.0000,0.2000,0.7448
a1638ca0-bc42-5d31-b550-a6ceb6e87051,0,4,2.3629,0.4000,0.8113,1.5850,0.3333,0.5271
491085cc-729d-58b0-8bfe-2480ed10e43a,0,3,10.4365,0.5200,0.9183,1.0000,0.5000,0.6082
605a9d80-c296-543c-932c-98a8c9fcb962,0,5,4.8825,0.5662,-0.0000,-0.0000,0.2500,0.7934
9f116d6d-ef99-5304-a479-1f6d844918f0,0,5,3.8135,0.6286,-0.0000,-0.0000,0.5000,0.8371
0664e4c2-3386-5fdc-b2c5-8711f113f1af,0,4,2.2472,0.3900,-0.0000,-0.0000,0.3333,0.8277
e883cb23-a280-501a-a304-62bf2847efd1,0,4,2.5022,0.4299,-0.0000,-0.0000,0.3333,0.8237
908e765a-94b6-50c5-a891-b167ca45303e,0,7,2.2732,0.6563,-0.0000,-0.0000,0.3333,0.8010
1f207d32-e41a-50d8-bac5-12ab517f56a0,0,4,2.4510,0.2715,0.8113,0.9183,0.3333,0.6233
5cac7b23-3752-5d9b-b74e-f12fc04d208d,0,12,6.6662,1.0390,0.4138,0.8659,0.1818,0.5725
4819616c-73a0-571a-b115-bafcccbea0b6,0,3,17.1180,0.8917,-0.0000,-0.0000,0.5000,0.8108
56748dc6-97bf-5dc5-9dfd-66184828befc,0,13,27.0571,1.8722,0.8905,1.5546,0.2500,0.3571
38aee7e4-f9ae-54a2-8122-82c2c5cf9b35,0,9,1.5391,0.5451,-0.0000,-0.0000,0.2500,0.7955
d5f08cf5-1719-5b5e-b5d3-9e432267dec3,0,6,4.5866,0.5627,0.9183,1.9219,0.2000,0.4287
eae2c9ea-ed3a-56c9-9930-84b4b3d4513d,0,12,289.4766,3.0465,0.4138,0.4395,0.2727,0.4479
06285b88-0a49-5dd8-890d-e48f60ee7c43,0,11,25.5920,1.7265,0.9940,1.9710,0.2000,0.2967
345e4674-ca65-5a24-91a4-702bb82b14f6,0,9,70.1836,1.3683,0.7642,1.5488,0.2500,0.4240
9a30e482-0934-543b-8c29-8c381d3ed56f,0,103,48.7458,3.8807,0.6230,1.2526,0.2059,0.3067
6b1db5ad-85f2-57db-973f-80b8d74398ab,0,5,14.3468,0.8564,0.7219,0.8113,0.5000,0.6227
b9017461-e999-5bb5-a700-7e9a422b5be2,0,9,9.3172,0.6382,0.9911,1.9056,0.3750,0.4491
01f58fd9-ce13-56f7-b808-8717c10f138f,0,5,17.6929,0.9087,-0.0000,-0.0000,0.2500,0.7591
c2116f03-83eb-54e6-bebb-5a143f7b6a6d,0,7,42.0328,0.9485,-0.0000,-0.0000,0.1667,0.7385
3d99abe8-6aca-5c82-b21d-00d0a1614837,0,5,7.0442,0.6471,0.7219,1.5000,0.2500,0.5076
849d94b7-d36b-5358-b473-7c2cd4f7fbce,0,40,3.6522,0.5236,1.2682,1.8070,0.1026,0.3838
a227adae-4612-5988-82b4-665b96b1319e,0,63,70.2774,3.8008,0.7344,1.4173,0.1452,0.2601
b4a8d7c5-12f5-52ab-812e-4ea31f06efcd,0,12,5.2814,1.1510,0.4138,0.8659,0.3636,0.5977
7a8af14b-d09d-5441-a313-5ac39dcb28bf,0,3,1.4385,0.2922,-0.0000,-0.0000,0.5000,0.8708
1fa1cb44-067a-51dc-b266-a729454f8585,0,3,1.2210,0.4435,-0.0000,-0.0000,0.5000,0.8556
4f789074-b361-5896-a115-78a26069ebb6,0,7,2.7295,0.5007,-0.0000,-0.0000,0.3333,0.8166
1db8f02f-b5a5-5253-aa58-8d47c74e0250,0,6,5.8021,0.8589,1.2516,1.9219,0.2000,0.3574
d50b1668-67bf-5a42-a558-ef8ead52a763,0,5,0.4494,0.1196,0.9710,1.0000,0.2500,0.5917
a3d0da0f-0988-5e2f-9b8a-9b52f64dd38b,0,16,5.6800,0.6570,0.6962,0.9056,0.1333,0.5607
6e75a489-4a99-5c70-af9b-945235601855,0,18,1.6342,0.7289,-0.0000,-0.0000,0.1765,0.7624
c13ca0cf-22af-5c91-aecd-574623991ec2,0,28,13.2907,1.3391,0.7496,1.3801,0.1481,0.4295
a5fa7b4c-116e-5ca1-8dc0-0634177c6fc1,0,9,1.0975,0.4046,-0.0000,-0.0000,0.2500,0.8095
62b0de78-4b8f-554e-b4f5-0501d7315588,0,4,1283.1324,1.4060,-0.0000,-0.0000,0.3333,0.7261
85dbacf7-6d67-52b8-8730-f7498819da48,0,14,190.6237,1.5099,0.8631,1.7759,0.2308,0.3653
d5a8494a-f51c-5834-bf83-a9c7eeea1d09,0,3,9.9880,0.5076,-0.0000,-0.0000,0.5000,0.8492
535d4848-b34e-5fe2-a040-0dea6e5960c6,0,14,30.5766,2.3717,0.7496,1.3347,0.2308,0.3484
bae27438-6131-5b10-82b4-f43f74c77d9c,0,6,372.6930,1.6912,0.6500,0.7219,0.2000,0.4994
60ad44f8-2758-5556-bb17-5e2b71534d9e,0,3,6.0930,0.0839,0.9183,1.0000,0.5000,0.6518
ad032cb3-fde3-50f3-897f-e07308f8f7da,0,10,9.0960,0.8881,1.0000,1.9749,0.3333,0.4060
f185ff5a-1363-57bf-9d3e-7bdb8df2b598,0,4,1.6085,0.1701,-0.0000,-0.0000,0.3333,0.8497
f8c40552-e2be-511b-8dec-abcea935b5e3,0,77,20.8703,2.4495,0.3948,0.7871,0.1711,0.4415
3941c44e-9ce7-5c13-b2e0-08d43805f7e3,0,4,2.9860,0.1369,1.5000,1.5850,0.3333,0.4674
97de7d9e-d757-5bc3-abc4-1fb5e0292a31,0,10,23.8433,1.2441,0.8813,1.6577,0.3333,0.4249
fb610591-709a-5d1b-82c5-38971d85e61b,0,6,18.9717,0.9269,0.9183,1.5219,0.4000,0.4823
789d9cca-09d0-57a0-a28b-99f350ffa4f5,0,18,79.2642,3.6244,-0.0000,-0.0000,0.2353,0.5471
a83b7ac7-7f82-5c15-960f-f7f80b037068,0,4,39.8979,1.2296,-0.0000,-0.0000,0.3333,0.7437
6d0aaf78-8985-53ee-914c-fe2097c9c28c,0,9,53.7871,2.0439,0.9911,1.9056,0.1250,0.2585
2ce65120-4cef-574d-b92d-7778b1399ef3,0,5,7.0579,0.7635,-0.0000,-0.0000,0.2500,0.7736
03967073-731d-5c7e-b375-3ac796d92885,0,3,34.0200,0.7883,-0.0000,-0.0000,0.5000,0.8212
62795c06-b935-549a-9389-e00404ca40a2,0,3,1.7045,0.3470,-0.0000,-0.0000,0.5000,0.8653
6281a769-014d-51c7-99a7-fcaa3b9bf7a2,0,3,22.2675,0.7315,0.9183,1.0000,0.5000,0.5871
9b22161f-ba66-5b44-8591-6d9bfda273f6,0,18,1.5044,0.5708,0.3095,0.6402,0.2941,0.6830
aad061c8-3f89-5c16-b98c-bbb76bdb4b2f,0,9,314.7137,2.3465,0.9864,2.0000,0.2500,0.2421
10d357d2-1220-5ce0-89b3-297720ab7977,0,3,0.9785,0.2365,-0.0000,-0.0000,0.5000,0.8764
f0607436-9d23-5aba-9e6d-b12d823f5707,0,7,94.5934,1.1891,0.8631,1.2516,0.1667,0.4501
17265555-144f-51f6-8892-a38d88f58e0e,0,4,4.3697,0.2771,1.0000,1.5850,0.3333,0.5158
cb361901-3a04-5b55-bb93-a8fe66739972,0,4,10.2437,0.8297,0.8113,1.5850,0.3333,0.4842
044e1f9e-5618-5516-b441-5b2f1601909f,0,3,0.1560,0.1181,-0.0000,-0.0000,0.5000,0.8882
5d931655-b8bd-59f6-9b8f-6dbf26d778ef,0,5,23.3977,1.2033,-0.0000,-0.0000,0.2500,0.7297
33d1f781-76d4-550f-b6a8-7e72c761d57f,0,7,1.8048,0.2939,0.5917,0.6500,0.3333,0.6821
e0840735-4742-5dc0-b540-1f64e6c98010,0,7,381.7584,2.1016,0.8631,1.4591,0.1667,0.3329
e117b860-e761-5726-ae21-4b6bd37ae676,0,5,20.4649,1.3798,0.9710,1.5000,0.2500,0.4032
3e737d6d-3b75-59cb-971b-da3063e1095f,0,9,0.8759,0.1804,-0.0000,-0.0000,0.3750,0.8570
fac08cd4-9dfb-5d73-96c6-0de3647af511,0,3,3.1925,0.3799,0.9183,1.0000,0.5000,0.6222
48964e52-a1b7-534d-8ac1-1b08b7a1eb9e,0,51,8.0739,1.1040,0.3228,0.6494,0.1200,0.5921
1fd0c3b7-5bbc-5c5a-9cc1-cebd50f01a2d,0,4,5.6552,0.6673,-0.0000,-0.0000,0.3333,0.7999
4247878f-18bd-5270-b09e-5c7f016ed9d3,0,30,4.8542,0.7303,0.2108,0.4310,0.1379,0.6743
20866d55-aa7d-59fb-8d5d-64878395a741,0,4,2.7369,0.3965,-0.0000,-0.0000,0.3333,0.8270
c6712bf8-82d3-5aef-9288-34394bda648b,0,28,23.3724,1.4912,1.1358,2.0840,0.1111,0.2811
c0a75053-993f-5ff4-b22a-38074462251b,0,4,255.2121,0.8194,-0.0000,-0.0000,0.3333,0.7847
9f7a0243-1f96-546f-82a5-fb4dae93a8db,0,7,1.9277,0.3496,0.5917,1.2516,0.1667,0.5680
f95d22d6-57ff-501d-b3ee-8bb3aae6c117,0,7,1.0683,0.2597,-0.0000,-0.0000,0.3333,0.8407
06ccbc88-7a15-5baa-924e-4c8d86731838,0,3,4.7140,0.5513,-0.0000,-0.0000,0.5000,0.8449
a612fff1-69e6-5d07-98e8-042c0327db2c,0,4,9.6031,0.9305,0.8113,0.9183,0.3333,0.5574
62dffc4f-b39b-5982-841c-7630f88d544a,0,7,14.5094,1.3417,0.5917,0.6500,0.3333,0.5773
eeda5b73-4502-5cb3-a711-722a56c8c29a,0,25,4.8670,1.1926,0.4822,0.9834,0.2500,0.5475
a554e13d-b56b-5109-a609-58ba8ca0d28a,0,6,5.6646,0.5506,1.0000,1.9219,0.2000,0.4197
61c7a56c-ca01-5b3d-935d-8f931687136d,0,5,1.3836,0.5377,0.7219,1.5000,0.2500,0.5185
705b8348-b3fc-5e72-83d1-c936b0641837,0,7,0.5640,0.1620,-0.0000,-0.0000,0.3333,0.8505
db0b783f-54bf-5437-9221-a7b283345df0,0,4,1.9283,0.2995,-0.0000,-0.0000,0.3333,0.8367
ad91a0ea-5e11-5197-950f-23dd76f3c1f8,0,11,1.1151,0.3586,-0.0000,-0.0000,0.2000,0.8041
d409b818-8517-526b-97ee-b399b2757115,0,3,5.9430,0.7621,0.9183,1.0000,0.5000,0.5840
77a9c19c-b0d4-54a2-a9d4-bc49dfef1d7d,0,10,5.6883,0.8687,0.4690,0.9864,0.2222,0.5756
ce486387-5b59-5111-be2e-468e9fe1ff7d,0,7,24.5233,1.1863,0.8631,1.5850,0.1667,0.4087
a7008011-fc2c-549f-b6f4-1c829d2005a2,0,8,2.7679,0.4563,0.5436,0.5917,0.2857,0.6696
6fed42bb-086a-516a-93aa-ac62041e520c,0,8,74.9651,1.4102,0.8113,1.6645,0.2857,0.4066
40f9d8a7-95b5-52ec-a2f2-b88720fa51e1,0,5,0.4229,0.1391,-0.0000,-0.0000,0.5000,0.8861
5f921839-f67c-5622-a2b6-935f8e7fb2bf,0,13,11.2709,1.2021,0.6194,1.2516,0.2500,0.4959
1f18fecb-7089-5417-8e6e-57a64cf806af,0,11,118.8916,1.8139,-0.0000,-0.0000,0.2000,0.6586
8d15a626-3605-52a3-8935-fe4b23be886f,0,9,12.2643,1.6287,-0.0000,-0.0000,0.2500,0.6871
b18d5908-45b1-5207-9d42-bde91f414063,0,3,0.4285,0.1347,-0.0000,-0.0000,0.5000,0.8865
45248cd9-7a31-5bac-bdae-f264e1e2118f,0,4,0.6734,0.1645,-0.0000,-0.0000,0.6667,0.9169
e94f9cfd-af7e-5111-aabf-b5723af9dc20,0,85,40.5177,2.8004,0.7871,1.5835,0.1190,0.2474
e94155db-a940-546d-aef2-2380f43d8acd,0,5,599.9476,1.6698,0.9710,2.0000,0.2500,0.3117
791e236c-12e4-5f40-a494-9c7541ba45a3,0,5,5.0677,0.5424,-0.0000,-0.0000,0.2500,0.7958
dcb6e8cc-6652-5964-b413-cde37b55a5d7,0,3,8.1060,0.7537,-0.0000,-0.0000,0.5000,0.8246
cb42eff6-7572-5abb-9459-bffa3a1450d7,0,3,0.8890,0.0650,-0.0000,-0.0000,0.5000,0.8935
2a8cb198-3397-5dc6-bbe4-bce2faff8275,0,4,11.7524,0.9703,0.8113,0.9183,0.6667,0.6201
454acea7-2c60-509d-bc6d-db5631fca4b0,0,12,14.9032,0.9149,0.9799,1.8676,0.0909,0.3708
60bbeda8-2544-54d7-b221-42f0ad9aeae0,0,4,1.0167,0.2086,-0.0000,-0.0000,0.3333,0.8458
6babb07b-7889-5fe0-a777-6b99a0753672,0,6,0.9997,0.1840,-0.0000,-0.0000,0.4000,0.8616
cd489fb3-fc84-5171-9cce-8aa8f4bf56e5,0,3,2.2625,0.6026,-0.0000,-0.0000,0.5000,0.8397
1dfdbac8-0ac4-56d8-be94-d959d57ac975,0,4,2.1775,0.3215,-0.0000,-0.0000,0.3333,0.8345
25773703-f031-567e-8776-32658a0858bc,0,5,1.3351,0.3278,1.3710,1.5000,0.5000,0.5084
4a842caf-366c-5933-8849-a089d7f0f588,0,9,10.5264,1.2880,1.5305,2.2500,0.1250,0.2549
aaa34210-3ac9-582e-a098-edd5a9cf45df,0,24,99.4035,4.0013,0.2499,0.5132,0.4348,0.4916
01a17d8a-edc8-5c00-abc9-7233b3ec5286,0,11,1.8682,0.5217,1.4949,2.1219,0.2000,0.3510
2dc2c6c0-a852-5400-81c6-f9d2c1549a73,0,5,89.6457,1.4848,-0.0000,-0.0000,0.2500,0.7015
c0f049c0-ddc3-5b48-a634-8dbd32661cfe,0,5,15.6226,1.6794,0.7219,0.8113,0.5000,0.5404
5490a3b3-6b6c-54ea-81ca-846cb2ae6b15,0,7,2.6276,0.5694,-0.0000,-0.0000,0.3333,0.8097
a225d7ac-22ce-5921-b85f-2a7a5f3f5434,0,3,3.9515,0.3742,0.9183,1.0000,0.5000,0.6228
a5bbc9f2-c2ce-5d5a-b7b8-15a1dc8dfda0,0,9,5.2119,0.9404,1.2244,2.0000,0.2500,0.3529
5f5ba53b-f138-5b3b-9c90-b994c94ec8b6,0,4,23.4938,1.0232,1.0000,1.5850,0.3333,0.4412
e44afd8b-10ae-5098-935e-521ded5cca5f,0,5,1.9467,0.3687,-0.0000,-0.0000,0.5000,0.8631
fe90247d-8cc7-5f7c-bc84-f90f6aa88077,0,4,0.9571,0.2071,-0.0000,-0.0000,0.3333,0.8460
54bfdf56-d7b9-504c-b049-adfda0107cd7,0,9,73.9869,1.8097,-0.0000,-0.0000,0.1250,0.6440
c5fad920-25b1-5821-a978-9969031af497,0,5,249.5418,1.5429,-0.0000,-0.0000,0.2500,0.6957
73883b53-333d-537b-9ba9-20b5188eb24b,0,10,2.0883,0.6681,-0.0000,-0.0000,0.2222,0.7776
cfb23820-68b8-536e-b58c-a6ffb55ac3cd,0,3,3.8380,0.3388,0.9183,1.0000,0.5000,0.6263
7412eaaf-c835-5433-8f7c-b5e2e7f35c63,0,7,3.8540,0.4808,0.9852,1.9183,0.3333,0.4556
9b0e7caa-ce47-5f75-8841-1337273f7676,0,3,2.7920,0.3092,-0.0000,-0.0000,0.5000,0.8691
d15fd5aa-f032-5579-a0aa-d38da846b07a,0,5,1.3307,0.3259,1.3710,2.0000,0.5000,0.4460
d96275eb-0d14-5076-85c0-762c4d381621,0,40,139.6986,3.0364,0.5436,1.1006,0.1282,0.3201
9d22c444-95b1-5f49-a1d5-35e9585fe2ee,0,8,2.0517,0.2480,-0.0000,-0.0000,0.2857,0.8323
bb1c0ca8-d9d8-52a4-9b3b-1eaf1263312b,0,12,316.8832,2.9751,0.8113,1.4911,0.3636,0.2874
e0256f47-7023-5aef-85c5-43f71830c5c1,0,3,3.7795,0.7870,-0.0000,-0.0000,0.5000,0.8213
a09c13fc-e5e1-5a1f-a6f8-c4ae2f72d325,0,3,3.5955,0.4889,-0.0000,-0.0000,0.5000,0.8511
c9e2629a-e7a0-53de-ac43-3b68cc305b98,0,4,6.4026,0.4807,0.8113,0.9183,0.3333,0.6024
5fe18de4-3a77-533f-88e5-b415e07cc402,0,5,6.4841,0.9281,1.5219,2.0000,0.2500,0.3169
90603d99-219f-574c-a3aa-4229671cc9d1,0,3,26.1805,0.6492,-0.0000,-0.0000,0.5000,0.8351
8ebe04e8-e109-5200-823f-42e427d20ba0,0,3,6.9050,0.7420,-0.0000,-0.0000,0.5000,0.8258
8925044c-8ba8-568d-9f0c-d261c70d495b,0,9,7.7416,1.0700,1.3516,1.7500,0.3750,0.3803
4f1f65fe-99af-5148-988f-79973d5f93b4,0,9,9.3638,0.9720,0.9183,1.5613,0.2500,0.4429
53958193-2a61-5509-a711-27a4c51d3efc,0,8,3.1863,0.5871,0.8113,1.1488,0.1429,0.5248
125c7794-7d5f-5abb-b99b-c648467cd9bf,0,17,48.7019,2.0067,0.3228,0.6686,0.1250,0.5004
6f55eb9c-af83-5402-abf2-53369725ff57,0,3,0.1230,0.0277,0.9183,1.0000,1.0000,0.7574
cbdcd8c0-a43a-5dbb-984e-8703e68d9a25,0,5,521.1802,1.4047,1.3710,2.0000,0.2500,0.2882
c1d9a223-8e8a-5e31-bc92-095440f281a2,0,5,19.2127,1.0827,0.7219,1.5000,0.5000,0.5140
f1973586-c9a1-5d4b-90f2-9a52d83f17f0,0,4,12.6271,1.3198,-0.0000,-0.0000,0.3333,0.7347
36952c0b-5637-5476-b2b4-400b270bdbe3,0,3,2.3135,0.8589,-0.0000,-0.0000,0.5000,0.8141
